detuning_over_kappa,kappa_times_coherent_prefactor,kappa_times_dissipative_prefactor
-4.0,-0.24615384615384617,0.06153846153846154
-3.984,-0.24711181859412232,0.06202605888406684
-3.968,-0.24807715199427025,0.06251944354694311
-3.952,-0.2490499299736128,0.06301870697712875
-3.936,-0.25003023739659574,0.06352394242799689
-3.92,-0.2510181603954817,0.06403524499884737
-3.904,-0.2520137863935278,0.06455271167867004
-3.888,-0.2530172041286577,0.06507644139111567
-3.872,-0.2540285036776399,0.06560653504071279
-3.856,-0.2550477764807852,0.06614309556036961
-3.84,-0.25607511536717437,0.06668622796020165
-3.824,-0.257110614580431,0.06723603937772776
-3.808,-0.2581543698050501,0.06779263912947744
-3.792,-0.25920647819329806,0.0683561387640554
-3.776,-0.26026703839269666,0.06892665211670992
-3.76,-0.2613361505741055,0.06950429536545359
-3.7439999999999998,-0.26241391646041756,0.07008918708878675
-3.7279999999999998,-0.2635004393558828,0.07068144832507586
-3.7119999999999997,-0.26459582417607486,0.07128120263364086
-3.696,-0.2657001774785168,0.07188857615760735
-3.68,-0.2668136074939822,0.07250369768858211
-3.664,-0.2679362241584872,0.07312669873321156
-3.648,-0.26906813914599187,0.07375771358168637
-3.632,-0.27020946590182704,0.07439687937825634
-3.616,-0.2713603196768651,0.07504433619382331
-3.6,-0.27252081756245267,0.07570022710068129
-3.584,-0.2736910785261246,0.07636469824947674
-3.568,-0.27487122344811776,0.0770378989484635
-3.552,-0.2760613751587042,0.07771998174513069
-3.536,-0.27726165847636564,0.0784111025102844
-3.52,-0.2784722002468276,0.07911142052466694
-3.504,-0.2796931293829765,0.07982109856820106
-3.488,-0.28092457690568023,0.08054030301194962
-3.472,-0.2821666759855354,0.08126920391288461
-3.456,-0.283419561985564,0.08200797511156366
-3.44,-0.2846833725048827,0.08275679433281473
-3.424,-0.2859582474233692,0.0835158432895354
-3.408,-0.2872443289473507,0.08428530778971557
-3.392,-0.2885417616563386,0.08506537784679793
-3.376,-0.28985069255083723,0.08585624779349443
-3.36,-0.29117127110125135,0.08665811639918196
-3.344,-0.2925036492979213,0.08747118699100517
-3.328,-0.29384798170231224,0.08829566757881978
-3.312,-0.29520442549938747,0.08913177098411458
-3.2960000000000003,-0.2965731405511941,0.08997971497305646
-3.2800000000000002,-0.2979542894516914,0.09083972239380834
-3.2640000000000002,-0.2993480375828526,0.09171202131827591
-3.248,-0.3007545531720716,0.09259684518844569
-3.232,-0.30217400735090627,0.09349443296748337
-3.216,-0.3036065742151921,0.09440502929576867
-3.2,-0.3050524308865586,0.09532888465204956
-3.184,-0.3065117575753842,0.09626625551990708
-3.168,-0.3079847376452233,0.09721740455972959
-3.152,-0.3094715576787434,0.09818260078640335
-3.136,-0.310972407545206,0.09916211975293558
-3.12,-0.31248748046953245,0.10015624374023475
-3.104,-0.3140169731029895,0.10116526195328268
-3.088,-0.3155610855955357,0.1021894707239429
-3.072,-0.31712002166986814,0.1032291737206602
-3.056,-0.318693988697209,0.10428468216531708
-3.04,-0.32028319777487463,0.10535631505752455
-3.024,-0.32188786380566825,0.10644439940663633
-3.008,-0.3235082055791399,0.10754927047178854
-2.992,-0.32514444585475605,0.10867127201027943
-2.976,-0.32679681144702466,0.1098107565346185
-2.96,-0.3284655333126193,0.1109680855785876
-2.944,-0.33015084663954886,0.11214362997267285
-2.928,-0.33185299093841863,0.11333777012924133
-2.912,-0.3335722101358299,0.11455089633785366
-2.896,-0.3353087526699654,0.11578340907112065
-2.88,-0.3370628715884088,0.11703571930153084
-2.864,-0.3388348246482459,0.1183082488296948
-2.848,-0.34062487441849787,0.11960143062447257
-2.832,-0.34243328838493375,0.12091570917547095
-2.816,-0.3442603390573135,0.12225154085842099
-2.8,-0.34610630407910997,0.12360939431396786
-2.784,-0.34797146633976017,0.1249897508404311
-2.768,-0.3498561140894944,0.12639310480111793
-2.752,-0.35176054105679505,0.12781996404680054
-2.7359999999999998,-0.35368504656853117,0.12927085035399533
-2.7199999999999998,-0.3556299356728205,0.13074629987971342
-2.7039999999999997,-0.35759551926466515,0.1322468636333821
-2.6879999999999997,-0.3595821142144094,0.1337731079666702
-2.6719999999999997,-0.36159004349906576,0.1353256150819857
-2.6559999999999997,-0.3636196363365541,0.1369049835604496
-2.6399999999999997,-0.36567122832289883,0.13851182891018896
-2.6239999999999997,-0.36774516157242454,0.14014678413583254
-2.6079999999999997,-0.36984178486099173,0.1418105003301349
-2.592,-0.3719614537723091,0.1435036472886995
-2.576,-0.37410453084735834,0.14522691414881922
-2.56,-0.3762713857369628,0.1469810100535011
-2.544,-0.37846239535752796,0.14876666484179557
-2.528,-0.3806779440499796,0.15058462976660586
-2.512,-0.38291842374191787,0.15243567824120932
-2.496,-0.3851842341130022,0.15432060661578614
-2.48,-0.38747578276357725,0.15624023498531342
-2.464,-0.38979348538654096,0.158195408030252
-2.448,-0.3921377659424506,0.16018699589152394
-2.432,-0.3945090568378542,0.1622158950813545
-2.416,-0.39690779910682605,0.1642830294316333
-2.4,-0.39933444259567386,0.1663893510815308
-2.384,-0.4017894461507762,0.16853584150619808
-2.368,-0.40427327780949446,0.17072351258846896
-2.352,-0.40678641499409196,0.17295340773558332
-2.336,-0.4093293447085771,0.1752266030430553
-2.3200000000000003,-0.4119025637383708,0.17754420850791844
-2.3040000000000003,-0.4145065788526803,0.17990736929369802
-2.2880000000000003,-0.41714190700944254,0.1823172670495815
-2.2720000000000002,-0.41980907556267716,0.18477512128638957
-2.2560000000000002,-0.422508622472065,0.18728219081208552
-2.24,-0.4252410965145417,0.1898397752297061
-2.224,-0.42800705749766743,0.19244921650074973
-2.208,-0.4308070764744997,0.19511190057721903
-2.192,-0.43364173595966177,0.1978292591056851
-2.176,-0.4365116301462635,0.20060277120692255
-2.16,-0.439417365123281,0.20343396533485228
-2.144,-0.44235955909296476,0.20632442121873357
-2.128,-0.44533884258778694,0.209275771892757
-2.112,-0.4483558586863852,0.21228970581741724
-2.096,-0.4514112632279006,0.21536796909728081
-2.08,-0.45450572502403636,0.21851236780001745
-2.064,-0.45763992606809256,0.2217247703818278
-2.048,-0.460814561740151,0.22500711022468312
-2.032,-0.4640303410074939,0.2283613882910895
-2.016,-0.46728798661924553,0.23178967590240354
-2.0,-0.47058823529411764,0.23529411764705882
-1.984,-0.4739318379000233,0.23887693442541497
-1.968,-0.47731955962419814,0.24254042663831207
-1.952,-0.480752180132325,0.24628697752680584
-1.936,-0.48423049371500837,0.2501190566709754
-1.92,-0.4877553094197744,0.2540392236561325
-1.904,-0.4913274511665931,0.25805013191522747
-1.888,-0.49494775784471223,0.26215453275673317
-1.8719999999999999,-0.4986170833883801,0.2663552795878099
-1.8559999999999999,-0.5023362968287857,0.27065533234309574
-1.8399999999999999,-0.5061062823192871,0.27505776213004735
-1.8239999999999998,-0.5099279391307071,0.2795657561023614
-1.8079999999999998,-0.513802181613157,0.28418262257364885
-1.7919999999999998,-0.5177299391205062,0.2889117963842111
-1.7759999999999998,-0.5217121558932324,0.2937568445344777
-1.7599999999999998,-0.5257497908949695,0.2987214720994146
-1.7439999999999998,-0.5298438175976201,0.3038095284390024
-1.7279999999999998,-0.533995223709388,0.3090250137207107
-1.7119999999999997,-0.5382050108395495,0.314372085770765
-1.6959999999999997,-0.5424741940931725,0.31985506727191787
-1.6800000000000002,-0.5468038015883349,0.32547845332638975
-1.6640000000000001,-0.5511948738876727,0.3312469194036495
-1.6480000000000001,-0.5556484633352934,0.3371653296937459
-1.6320000000000001,-0.5601656332892156,0.3432387458879998
-1.616,-0.5647474572385526,0.3494724364099954
-1.6,-0.5693950177935942,0.3558718861209964
-1.584,-0.5741094055358065,0.36244280652513033
-1.568,-0.5788917177134958,0.3691911465009539
-1.552,-0.5837430567675077,0.3761231035873117
-1.536,-0.5886645286698021,0.38324513585273573
-1.52,-0.593657241056085,0.39056397437900325
-1.504,-0.5987223011318399,0.398086636390851
-1.488,-0.6038608133290911,0.4058204390652494
-1.472,-0.6090738766890215,0.4137730140550418
-1.456,-0.6143625819431411,0.4219523227631463
-1.44,-0.6197280082630401,0.43036667240488896
-1.424,-0.62517121964583,0.43902473289735255
-1.408,-0.6306932608991679,0.44793555461588636
-1.392,-0.6362951531862298,0.4571085870590731
-1.376,-0.6419778890871224,0.4665536984644785
-1.3599999999999999,-0.647742427128977,0.47628119641836547
-1.3439999999999999,-0.6535896857322927,0.48630184950319405
-1.3279999999999998,-0.6595205365159834,0.496626910027096
-1.3119999999999998,-0.665535796897954,0.5072681378795382
-1.2959999999999998,-0.6716362219218747,0.5182378255570022
-1.2799999999999998,-0.6778224952340607,0.52954882440161
-1.2639999999999998,-0.684095219126956,0.5412145720941108
-1.2479999999999998,-0.6904549035576133,0.5532491214403954
-1.2319999999999998,-0.6969019540406738,0.56566717048756
-1.2159999999999997,-0.7034366583056434,0.5784840940013516
-1.1999999999999997,-0.7100591715976333,0.5917159763313612
-1.1840000000000002,-0.7167695004891467,0.6053796456834009
-1.1680000000000001,-0.7235674850578357,0.6194927098097909
-1.1520000000000001,-0.7304527792713733,0.6340735931175114
-1.1360000000000001,-0.737424829405594,0.6491415751809806
-1.12,-0.7444828503057698,0.6647168306301515
-1.104,-0.7516257992832323,0.6808204703652465
-1.088,-0.75885234742046,0.697474584026158
-1.072,-0.7661608480371416,0.7147022836167365
-1.056,-0.7735493020475616,0.7325277481510999
-1.04,-0.7810153199158906,0.7509762691498948
-1.024,-0.7885560798905878,0.7700742967681522
-1.008,-0.7961682821721492,0.7898494862818941
-0.992,-0.8038480986399409,0.8103307445967146
-0.976,-0.8115911177339311,0.8315482763667327
-0.96,-0.8193922840559918,0.8535336292249914
-0.944,-0.8272458322233284,0.8763197375247123
-0.9279999999999999,-0.8351452144739306,0.8999409638727701
-0.9119999999999999,-0.8430830214912216,0.9244331376000238
-0.8959999999999999,-0.8510508958830412,0.94983358915518
-0.8799999999999999,-0.8590394377196406,0.9761811792268645
-0.8639999999999999,-0.8670381015076829,1.003516321189448
-0.8479999999999999,-0.8750350839538379,1.0318809952285826
-0.8319999999999999,-0.8830172018543362,1.0613187522287697
-0.8159999999999998,-0.890969759438165,1.0918747051938298
-0.7999999999999998,-0.8988764044943821,1.1235955056179778
-0.7839999999999998,-0.9067189726318907,1.1565293018263916
-0.7679999999999998,-0.9144773190573264,1.1907256758558942
-0.7519999999999998,-0.9221291373187624,1.2262355549451633
-0.7359999999999998,-0.9296497645560924,1.263111093146865
-0.7199999999999998,-0.9370119729307653,1.3014055179593969
-0.7039999999999997,-0.9441857470869726,1.3411729362030864
-0.6879999999999997,-0.9511380477338586,1.3824680926364228
-0.6719999999999997,-0.9578325617459922,1.4253460740267747
-0.6560000000000001,-0.9642294395710355,1.4698619505656025
-0.6400000000000001,-0.9702850212249847,1.5160703456640383
-0.6240000000000001,-0.9759515527639447,1.5640249243011932
-0.6080000000000001,-0.9811768958661468,1.6137777892535308
-0.5920000000000001,-0.9859042340589943,1.665378773748301
-0.5760000000000001,-0.9900717802040648,1.7188746184098345
-0.56,-0.9936124911284598,1.7743080198722494
-0.544,-0.9964537967820405,1.8317165382022802
-0.528,-0.9985173530212714,1.8911313504190745
-0.512,-0.9997188290793216,1.95257583804555
-0.496,-0.999967742976033,2.0160639979355506
-0.48,-0.9991673605328892,2.0815986677768525
-0.46399999999999997,-0.9972146762490974,2.1491695608816754
-0.44799999999999995,-0.9940004970002484,2.2187511093755545
-0.43199999999999994,-0.9894096522408296,2.2903001209278466
-0.4159999999999999,-0.9833213569834727,2.363753261979502
-0.3999999999999999,-0.975609756097561,2.439024390243903
-0.3839999999999999,-0.9661446801658548,2.5160017712652474
-0.3679999999999999,-0.9547926439453692,2.594545228112417
-0.35199999999999987,-0.9414181180195985,2.6744832898284057
-0.33599999999999985,-0.9258851020678099,2.755610422820864
-0.31999999999999984,-0.9080590238365492,2.8376844494892177
-0.3039999999999998,-0.8878089808887433,2.9204242792392887
-0.2879999999999998,-0.8650103320678549,3.0035080974578316
-0.2719999999999998,-0.8395476319818259,3.086572176403774
-0.2559999999999998,-0.8113178844886159,3.1692104862836583
-0.23999999999999977,-0.780234070221066,3.2509752925877775
-0.22399999999999975,-0.746228879057619,3.3313789243643743
-0.20799999999999974,-0.7092585520213862,3.409896884718207
-0.19199999999999973,-0.669306709799765,3.4859724468737814
-0.1759999999999997,-0.6263880189055285,3.559022834690509
-0.16000000000000014,-0.5805515239477508,3.628447024673439
-0.14400000000000013,-0.5318834584244434,3.6936351279475206
-0.1280000000000001,-0.4805093399002947,3.7539792179710494
-0.1120000000000001,-0.42659516119202917,3.808885367785971
-0.09600000000000009,-0.37034750941299954,3.8577865563854083
-0.08000000000000007,-0.3120124804992202,3.900156006240249
-0.06400000000000006,-0.25187330772621397,3.9355204332220897
-0.04800000000000004,-0.1902466865368763,3.9634726361849193
-0.03200000000000003,-0.1274778507234369,3.9836828351073996
-0.016000000000000014,-0.06393453104021488,3.995908190013427
0.0,0.0,4.0
0.016000000000000014,0.06393453104021488,3.995908190013427
0.03200000000000003,0.1274778507234369,3.9836828351073996
0.04800000000000004,0.1902466865368763,3.9634726361849193
0.06400000000000006,0.25187330772621397,3.9355204332220897
0.08000000000000007,0.3120124804992202,3.900156006240249
0.09600000000000009,0.37034750941299954,3.8577865563854083
0.1120000000000001,0.42659516119202917,3.808885367785971
0.1280000000000001,0.4805093399002947,3.7539792179710494
0.14400000000000013,0.5318834584244434,3.6936351279475206
0.16000000000000014,0.5805515239477508,3.628447024673439
0.17600000000000016,0.6263880189055298,3.5590228346905066
0.19200000000000017,0.6693067097997661,3.485972446873779
0.20800000000000018,0.7092585520213873,3.409896884718205
0.2240000000000002,0.7462288790576199,3.3313789243643717
0.2400000000000002,0.7802340702210667,3.2509752925877753
0.2560000000000002,0.8113178844886165,3.1692104862836556
0.27200000000000024,0.8395476319818266,3.0865721764037715
0.28800000000000026,0.8650103320678557,3.0035080974578294
0.30400000000000027,0.8878089808887438,2.9204242792392865
0.3200000000000003,0.9080590238365498,2.8376844494892155
0.3360000000000003,0.9258851020678103,2.7556104228208618
0.3520000000000003,0.9414181180195988,2.6744832898284034
0.3680000000000003,0.9547926439453696,2.594545228112415
0.38400000000000034,0.9661446801658551,2.516001771265245
0.40000000000000036,0.9756097560975613,2.439024390243901
0.41600000000000037,0.9833213569834728,2.3637532619795
0.4320000000000004,0.9894096522408298,2.2903001209278444
0.4480000000000004,0.9940004970002486,2.218751109375553
0.4640000000000004,0.9972146762490974,2.1491695608816737
0.4800000000000004,0.9991673605328893,2.0815986677768508
0.49600000000000044,0.999967742976033,2.016063997935549
0.5120000000000005,0.9997188290793214,1.9525758380455478
0.5280000000000005,0.9985173530212714,1.891131350419073
0.5440000000000005,0.9964537967820403,1.8317165382022784
0.5600000000000005,0.9936124911284598,1.774308019872248
0.5760000000000005,0.9900717802040648,1.7188746184098331
0.5920000000000005,0.9859042340589943,1.6653787737482997
0.6080000000000005,0.9811768958661466,1.6137777892535292
0.6239999999999997,0.9759515527639451,1.564024924301195
0.6399999999999997,0.9702850212249851,1.5160703456640399
0.6559999999999997,0.9642294395710356,1.4698619505656036
0.6719999999999997,0.9578325617459922,1.4253460740267747
0.6879999999999997,0.9511380477338586,1.3824680926364228
0.7039999999999997,0.9441857470869726,1.3411729362030864
0.7199999999999998,0.9370119729307653,1.3014055179593969
0.7359999999999998,0.9296497645560924,1.263111093146865
0.7519999999999998,0.9221291373187624,1.2262355549451633
0.7679999999999998,0.9144773190573264,1.1907256758558942
0.7839999999999998,0.9067189726318907,1.1565293018263916
0.7999999999999998,0.8988764044943821,1.1235955056179778
0.8159999999999998,0.890969759438165,1.0918747051938298
0.8319999999999999,0.8830172018543362,1.0613187522287697
0.8479999999999999,0.8750350839538379,1.0318809952285826
0.8639999999999999,0.8670381015076829,1.003516321189448
0.8799999999999999,0.8590394377196406,0.9761811792268645
0.8959999999999999,0.8510508958830412,0.94983358915518
0.9119999999999999,0.8430830214912216,0.9244331376000238
0.9279999999999999,0.8351452144739306,0.8999409638727701
0.944,0.8272458322233284,0.8763197375247123
0.96,0.8193922840559918,0.8535336292249914
0.976,0.8115911177339311,0.8315482763667327
0.992,0.8038480986399409,0.8103307445967146
1.008,0.7961682821721492,0.7898494862818941
1.024,0.7885560798905878,0.7700742967681522
1.04,0.7810153199158906,0.7509762691498948
1.056,0.7735493020475616,0.7325277481510999
1.072,0.7661608480371416,0.7147022836167365
1.088,0.75885234742046,0.697474584026158
1.104,0.7516257992832323,0.6808204703652465
1.12,0.7444828503057698,0.6647168306301515
1.1360000000000001,0.737424829405594,0.6491415751809806
1.1520000000000001,0.7304527792713733,0.6340735931175114
1.1680000000000001,0.7235674850578357,0.6194927098097909
1.1840000000000002,0.7167695004891467,0.6053796456834009
1.2000000000000002,0.7100591715976331,0.5917159763313609
1.2160000000000002,0.7034366583056432,0.5784840940013511
1.2320000000000002,0.6969019540406737,0.5656671704875597
1.2480000000000002,0.6904549035576131,0.5532491214403951
1.2640000000000002,0.6840952191269558,0.5412145720941105
1.2800000000000002,0.6778224952340605,0.5295488244016097
1.2960000000000003,0.6716362219218746,0.5182378255570018
1.3120000000000003,0.6655357968979538,0.5072681378795378
1.3280000000000003,0.6595205365159833,0.4966269100270958
1.3440000000000003,0.6535896857322927,0.48630184950319383
1.3600000000000003,0.6477424271289769,0.47628119641836525
1.3760000000000003,0.6419778890871223,0.4665536984644783
1.3920000000000003,0.6362951531862296,0.4571085870590729
1.4080000000000004,0.6306932608991678,0.4479355546158861
1.4240000000000004,0.6251712196458298,0.4390247328973523
1.4400000000000004,0.61972800826304,0.43036667240488874
1.4560000000000004,0.6143625819431409,0.4219523227631461
1.4720000000000004,0.6090738766890214,0.4137730140550415
1.4880000000000004,0.603860813329091,0.40582043906524917
1.5040000000000004,0.5987223011318398,0.3980866363908508
1.5200000000000005,0.5936572410560849,0.3905639743790031
1.5360000000000005,0.588664528669802,0.38324513585273556
1.5520000000000005,0.5837430567675076,0.3761231035873115
1.5680000000000005,0.5788917177134957,0.36919114650095375
1.5840000000000005,0.5741094055358064,0.3624428065251301
1.6000000000000005,0.5693950177935941,0.3558718861209962
1.6160000000000005,0.5647474572385526,0.34947243640999526
1.6319999999999997,0.5601656332892158,0.3432387458879999
1.6479999999999997,0.5556484633352935,0.33716532969374613
1.6639999999999997,0.551194873887673,0.33124691940364964
1.6799999999999997,0.5468038015883349,0.32547845332638986
1.6959999999999997,0.5424741940931725,0.31985506727191787
1.7119999999999997,0.5382050108395495,0.314372085770765
1.7279999999999998,0.533995223709388,0.3090250137207107
1.7439999999999998,0.5298438175976201,0.3038095284390024
1.7599999999999998,0.5257497908949695,0.2987214720994146
1.7759999999999998,0.5217121558932324,0.2937568445344777
1.7919999999999998,0.5177299391205062,0.2889117963842111
1.8079999999999998,0.513802181613157,0.28418262257364885
1.8239999999999998,0.5099279391307071,0.2795657561023614
1.8399999999999999,0.5061062823192871,0.27505776213004735
1.8559999999999999,0.5023362968287857,0.27065533234309574
1.8719999999999999,0.4986170833883801,0.2663552795878099
1.888,0.49494775784471223,0.26215453275673317
1.904,0.4913274511665931,0.25805013191522747
1.92,0.4877553094197744,0.2540392236561325
1.936,0.48423049371500837,0.2501190566709754
1.952,0.480752180132325,0.24628697752680584
1.968,0.47731955962419814,0.24254042663831207
1.984,0.4739318379000233,0.23887693442541497
2.0,0.47058823529411764,0.23529411764705882
2.016,0.46728798661924553,0.23178967590240354
2.032,0.4640303410074939,0.2283613882910895
2.048,0.460814561740151,0.22500711022468312
2.064,0.45763992606809256,0.2217247703818278
2.08,0.45450572502403636,0.21851236780001745
2.096,0.4514112632279006,0.21536796909728081
2.112,0.4483558586863852,0.21228970581741724
2.128,0.44533884258778694,0.209275771892757
2.144,0.44235955909296476,0.20632442121873357
2.16,0.439417365123281,0.20343396533485228
2.176,0.4365116301462635,0.20060277120692255
2.192,0.43364173595966177,0.1978292591056851
2.208,0.4308070764744997,0.19511190057721903
2.224,0.42800705749766743,0.19244921650074973
2.24,0.4252410965145417,0.1898397752297061
2.2560000000000002,0.422508622472065,0.18728219081208552
2.2720000000000002,0.41980907556267716,0.18477512128638957
2.2880000000000003,0.41714190700944254,0.1823172670495815
2.3040000000000003,0.4145065788526803,0.17990736929369802
2.3200000000000003,0.4119025637383708,0.17754420850791844
2.3360000000000003,0.40932934470857707,0.17522660304305523
2.3520000000000003,0.40678641499409185,0.17295340773558324
2.3680000000000003,0.40427327780949435,0.17072351258846888
2.3840000000000003,0.40178944615077616,0.16853584150619805
2.4000000000000004,0.39933444259567386,0.16638935108153075
2.4160000000000004,0.396907799106826,0.16428302943163325
2.4320000000000004,0.39450905683785414,0.16221589508135448
2.4480000000000004,0.39213776594245053,0.16018699589152388
2.4640000000000004,0.3897934853865409,0.15819540803025198
2.4800000000000004,0.3874757827635772,0.15624023498531336
2.4960000000000004,0.3851842341130022,0.1543206066157861
2.5120000000000005,0.3829184237419178,0.1524356782412093
2.5280000000000005,0.38067794404997957,0.1505846297666058
2.5440000000000005,0.3784623953575279,0.14876666484179554
2.5600000000000005,0.37627138573696267,0.14698101005350103
2.5760000000000005,0.37410453084735834,0.1452269141488192
2.5920000000000005,0.371961453772309,0.14350364728869944
2.6080000000000005,0.3698417848609916,0.1418105003301348
2.6240000000000006,0.36774516157242443,0.14014678413583245
2.6400000000000006,0.36567122832289867,0.13851182891018887
2.6560000000000006,0.36361963633655403,0.13690498356044953
2.6719999999999997,0.36159004349906576,0.1353256150819857
2.6879999999999997,0.3595821142144094,0.1337731079666702
2.7039999999999997,0.35759551926466515,0.1322468636333821
2.7199999999999998,0.3556299356728205,0.13074629987971342
2.7359999999999998,0.35368504656853117,0.12927085035399533
2.752,0.35176054105679505,0.12781996404680054
2.768,0.3498561140894944,0.12639310480111793
2.784,0.34797146633976017,0.1249897508404311
2.8,0.34610630407910997,0.12360939431396786
2.816,0.3442603390573135,0.12225154085842099
2.832,0.34243328838493375,0.12091570917547095
2.848,0.34062487441849787,0.11960143062447257
2.864,0.3388348246482459,0.1183082488296948
2.88,0.3370628715884088,0.11703571930153084
2.896,0.3353087526699654,0.11578340907112065
2.912,0.3335722101358299,0.11455089633785366
2.928,0.33185299093841863,0.11333777012924133
2.944,0.33015084663954886,0.11214362997267285
2.96,0.3284655333126193,0.1109680855785876
2.976,0.32679681144702466,0.1098107565346185
2.992,0.32514444585475605,0.10867127201027943
3.008,0.3235082055791399,0.10754927047178854
3.024,0.32188786380566825,0.10644439940663633
3.04,0.32028319777487463,0.10535631505752455
3.056,0.318693988697209,0.10428468216531708
3.072,0.31712002166986814,0.1032291737206602
3.088,0.3155610855955357,0.1021894707239429
3.104,0.3140169731029895,0.10116526195328268
3.12,0.31248748046953245,0.10015624374023475
3.136,0.310972407545206,0.09916211975293558
3.152,0.3094715576787434,0.09818260078640335
3.168,0.3079847376452233,0.09721740455972959
3.184,0.3065117575753842,0.09626625551990708
3.2,0.3050524308865586,0.09532888465204956
3.216,0.3036065742151921,0.09440502929576867
3.232,0.30217400735090627,0.09349443296748337
3.248,0.3007545531720716,0.09259684518844569
3.2640000000000002,0.2993480375828526,0.09171202131827591
3.2800000000000002,0.2979542894516914,0.09083972239380834
3.2960000000000003,0.2965731405511941,0.08997971497305646
3.3120000000000003,0.29520442549938747,0.08913177098411457
3.3280000000000003,0.2938479817023122,0.08829566757881975
3.3440000000000003,0.2925036492979213,0.08747118699100516
3.3600000000000003,0.29117127110125135,0.08665811639918193
3.3760000000000003,0.2898506925508372,0.0858562477934944
3.3920000000000003,0.28854176165633855,0.08506537784679791
3.4080000000000004,0.2872443289473507,0.08428530778971556
3.4240000000000004,0.28595824742336917,0.08351584328953537
3.4400000000000004,0.2846833725048826,0.08275679433281471
3.4560000000000004,0.28341956198556395,0.08200797511156363
3.4720000000000004,0.28216667598553535,0.0812692039128846
3.4880000000000004,0.2809245769056802,0.08054030301194959
3.5040000000000004,0.2796931293829765,0.07982109856820105
3.5200000000000005,0.2784722002468276,0.07911142052466692
3.5360000000000005,0.2772616584763656,0.07841110251028438
3.5520000000000005,0.27606137515870416,0.07771998174513066
3.5680000000000005,0.2748712234481177,0.07703789894846347
3.5840000000000005,0.2736910785261246,0.07636469824947673
3.6000000000000005,0.2725208175624526,0.07570022710068128
3.6160000000000005,0.271360319676865,0.07504433619382328
3.6320000000000006,0.270209465901827,0.07439687937825633
3.6480000000000006,0.26906813914599187,0.07375771358168635
3.6640000000000006,0.26793622415848717,0.07312669873321155
3.6799999999999997,0.26681360749398225,0.07250369768858213
3.6959999999999997,0.2657001774785168,0.07188857615760738
3.7119999999999997,0.26459582417607486,0.07128120263364086
3.7279999999999998,0.2635004393558828,0.07068144832507586
3.7439999999999998,0.26241391646041756,0.07008918708878675
3.76,0.2613361505741055,0.06950429536545359
3.776,0.26026703839269666,0.06892665211670992
3.792,0.25920647819329806,0.0683561387640554
3.808,0.2581543698050501,0.06779263912947744
3.824,0.257110614580431,0.06723603937772776
3.84,0.25607511536717437,0.06668622796020165
3.856,0.2550477764807852,0.06614309556036961
3.872,0.2540285036776399,0.06560653504071279
3.888,0.2530172041286577,0.06507644139111567
3.904,0.2520137863935278,0.06455271167867004
3.92,0.2510181603954817,0.06403524499884737
3.936,0.25003023739659574,0.06352394242799689
3.952,0.2490499299736128,0.06301870697712875
3.968,0.24807715199427025,0.06251944354694311
3.984,0.24711181859412232,0.06202605888406684
4.0,0.24615384615384617,0.06153846153846154
