g_over_omega,F_sub_JC,F_sub_displaced
0.0,1.0,0.8333333333333334
0.05,0.9993132794605443,0.9271439854268254
0.1,0.9972896836768448,0.9368050763562548
0.15000000000000002,0.993920777941034,0.9455258862994532
0.2,0.9891054307597186,0.9532708350241234
0.25,0.9826171387952102,0.9601077256894442
0.30000000000000004,0.9740350154202332,0.9662113224308103
0.35000000000000003,0.9626291874277774,0.971827055801587
0.4,0.9472439755704786,0.9771254861551807
0.45,0.926459706503792,0.9818593589964776
0.5,0.8997496744696593,0.9850301054135729
0.55,0.8695131285606484,0.985550706647368
0.6000000000000001,0.8847050576084378,0.9838810761179895
0.65,0.8861812671572293,0.9817757266535595
0.7000000000000001,0.8808364422108254,0.9804910844017419
0.75,0.8704971659667738,0.9803388026905058
0.8,0.8565719851747388,0.9811837332068962
0.8500000000000001,0.8399071735335978,0.9827989691874942
0.9,0.8209927272581008,0.9849325785631576
0.9500000000000001,0.8002101647465918,0.9872214523341429
1.0,0.778086474368763,0.9891091959707367
1.05,0.7554636077629749,0.9899789413558936
1.1,0.7333610139245804,0.989559311863239
1.1500000000000001,0.712535882810482,0.988181657504794
1.2000000000000002,0.6932016834961071,0.9865060485118473
1.25,0.73362979731812,0.9850750691138911
1.3,0.7208741232625102,0.9841471974771525
1.35,0.7073295788546075,0.9837687857838499
1.4000000000000001,0.6935393658495327,0.9838871322330801
1.4500000000000002,0.6798375068086494,0.9844210025946559
1.5,0.6663848856290499,0.985289105714787
1.55,0.6532005206335757,0.9864154571655321
1.6,0.6401886130569869,0.9877261758167702
1.6500000000000001,0.627168059558041,0.9891460376515453
1.7000000000000002,0.6139092623355794,0.9905987622300284
1.75,0.6001777272906358,0.9920117761109868
1.8,0.5857780319001621,0.9933236101373327
1.85,0.570588579025788,0.9944906568929213
1.9000000000000001,0.5545793829843185,0.9954903858877322
1.9500000000000002,0.5378109793849094,0.9963199938429147
2.0,0.5204186325461029,0.9969915660736731
2.0500000000000003,0.5025889308342044,0.9975259026996398
2.1,0.48453508135842616,0.9979469512040406
2.15,0.4664745883676744,0.9982778734100805
2.2,0.44861060649209755,0.9985388802849032
