eta_n,exact_upper_over_Delta,second_order_upper_over_Delta,fourth_order_upper_over_Delta,energy_error_second,energy_error_fourth,theta_exact,theta_first_order,theta_third_order,theta_error_first,theta_error_third
0.015,0.5002249493977684,0.500225,0.5002249493750001,5.060223162711708e-08,2.2768342766710248e-11,0.01499550242843895,0.015,0.0149955,4.4975715610493655e-06,2.4284389499307224e-09
0.015432389131537013,0.5002381019417725,0.5002381586343072,0.5002381019147721,5.669253466678015e-08,2.7000401914278882e-11,0.015427491455023644,0.015432389131537013,0.015427488655910796,4.897676513369864e-06,2.7991128477566907e-09
0.015877242287145453,0.5002520233068974,0.5002520868226448,0.5002520232748786,6.351574732832432e-08,3.2018832030189515e-11,0.015871908922090283,0.015877242287145453,0.015871905695731416,5.3333650551698475e-06,3.226358867569612e-09
0.01633491875406156,0.5002667584106522,0.5002668295707018,0.500266758372682,7.116004963059197e-08,3.7970182553692666e-11,0.01632911095372623,0.01633491875406156,0.016329107234916766,5.807800335329294e-06,3.7188094652307324e-09
0.016805788176314652,0.5002823547919986,0.5002824345162271,0.5002823547469711,7.972422855218042e-08,4.5027426232024936e-11,0.01679946374985746,0.016805788176314652,0.01679945946344346,6.324426457191001e-06,4.286414001519745e-09
0.017290230853271447,0.5002988627640077,0.5002989520829594,0.5002988627106115,8.931895167929582e-08,5.3396176369346904e-11,0.0172833438598731,0.017290230853271447,0.017283338919233535,6.8869933983473075e-06,4.9406395641327094e-09
0.01778863804678615,0.5003163355753633,0.5003164356435595,0.500316335512043,1.0006819628483044e-07,6.332023794186625e-11,0.017781138462650704,0.01778863804678615,0.017781132767948307,7.499584135445964e-06,5.694702397140983e-09
0.018301412297204563,0.5003348295812238,0.5003349416920723,0.5003348295061352,1.1211084849360731e-07,7.508860200289291e-11,0.018293245653036295,0.018301412297204563,0.01829323908920171,8.166644168267762e-06,6.563834583500627e-09
0.018828967748477175,0.5003544044239775,0.5003545300264732,0.5003544043349336,1.2560249573745352e-07,8.90438833778262e-11,0.018820074734822806,0.018828967748477175,0.0188200671692314,8.893013654368703e-06,7.565591406827332e-09
0.01937173048264401,0.5003751232244587,0.5003752639418922,0.5003751231188661,1.4071743359433952e-07,1.055925347159814e-10,0.01936204652025992,0.01937173048264401,0.01936203780005442,9.683962384089001e-06,8.72020549866348e-09
0.019930138863961316,0.5003970527842233,0.5003972104351367,0.5003970526590069,1.5765091343489246e-07,1.2521639281004582e-10,0.01991959363611563,0.019930138863961316,0.01991958358512066,1.0545227845683985e-05,1.0050994970339788e-08
0.020504643892948007,0.5004202637995154,0.5004204404211766,0.5004202636510289,1.7662166118537215e-07,1.4848655638388664e-10,0.02049316083629579,0.020504643892948007,0.020493149251462103,1.1483056652217272e-05,1.1584833686101303e-08
0.021095709570637847,0.5004448310875922,0.5004450289622887,0.5004448309115115,1.9787469651699752e-07,1.7608070557173505e-10,0.021083205321012412,0.021095709570637847,0.021083191968319228,1.2504249625434893e-05,1.3352693183782405e-08
0.02170381327333153,0.5004708338261119,0.5004710555106037,0.5004708336173096,2.2168449176351857e-07,2.088023087765123e-10,0.02169019706247396,0.02170381327333153,0.02169018167220684,1.3616210857568534e-05,1.5390267119747003e-08
0.022329446138151354,0.500498355806327,0.5004986041648366,0.5004983555587235,2.4835850964688433e-07,2.476034932641369e-10,0.02231461913705148,0.022329446138151354,0.02231460139836072,1.4827001099875642e-05,1.773869075932799e-08
0.022973113459709878,0.500527485700868,0.5005277639420327,0.5005274854072542,2.7824116466401705e-07,2.936137999398625e-10,0.0229569680638529,0.022973113459709878,0.022956947618482864,1.61453958569778e-05,2.044537003587088e-08
0.02363533509821291,0.5005583173469449,0.5005586290652048,0.5005583169987723,3.117182598710855e-07,3.4817260186059684e-10,0.023617754149614076,0.02363533509821291,0.023617730584677286,1.7580948598834578e-05,2.3564936790093638e-08
0.02431664589932642,0.5005909500458365,0.5005912992677932,0.5005909496329691,3.492219566858523e-07,4.128674069292515e-10,0.024297501839788488,0.02431664589932642,0.024297474679439143,1.914405953793233e-05,2.7160349344579338e-08
0.025017596126146614,0.5006254888795925,0.500625880115931,0.5006254883900115,3.912363385483175e-07,4.895809313509858e-10,0.024996750075688873,0.025017596126146614,0.024996718771528283,2.084605045774013e-05,3.1304160590106545e-08
0.025738751903621838,0.5006620450459134,0.5006624833495562,0.5006620444653678,4.383036428246001e-07,5.80545611583716e-10,0.025716052657501407,0.025738751903621838,0.025716016577522496,2.2699246120430616e-05,3.6079978910780186e-08
0.026480695675785426,0.5007007362122344,0.5007012272434735,0.5007007355238265,4.910312391137595e-07,6.884078862512411e-10,0.026455978612958123,0.026480695675785426,0.02645593702880677,2.4717062827302877e-05,4.158415135499527e-08
0.027244026676168685,0.5007416868900889,0.5007422369895318,0.5007416860737832,5.500994428864203e-07,8.163056897103615e-10,0.027217112571414234,0.027244026676168685,0.02721706464371156,2.691410475445105e-05,4.792770267464386e-08
0.02802936141177401,0.5007850288308865,0.5007856451011519,0.5007850278629269,6.162702653744745e-07,9.679596013612013e-10,0.02800005514303442,0.02802936141177401,0.027999999904465243,2.9306268739589386e-05,5.5238569177107344e-08
0.028837334160998953,0.500830901444303,0.5008315918415132,0.5008309002965223,6.903972101790501e-07,1.1477806483028985e-09,0.02880542330274532,0.028837334160998953,0.028805359638573252,3.1910858253634405e-05,6.366417206610242e-08
0.02966859748591344,0.5008794522405378,0.5008802256767811,0.5008794508795391,7.734362433842179e-07,1.3609986471152524e-09,0.02963385077856025,0.02966859748591344,0.029633777404178524,3.4746707353188605e-05,7.337438172674848e-08
0.030523822759303803,0.5009308372977664,0.5009317037558414,0.5009308356839527,8.664580749551121e-07,1.6138137493015847e-09,0.030485988443826138,0.030523822759303803,0.030485903878893827,3.7834315477665303e-05,8.456493231015494e-08
0.03140370070690948,0.5009852217561803,0.5009861924180892,0.5009852198426037,9.7066190885009e-07,1.913576630485636e-09,0.031362504712881455,0.03140370070690948,0.03136240725152669,4.119599402802737e-05,9.746135476440543e-08
0.03230894196529008,0.5010427803400788,0.5010438677309165,0.5010427780710768,1.087390837706259e-06,2.2690019862992017e-09,0.03226408593954686,0.03230894196529008,0.032263973616039915,4.4856025743215955e-05,1.1232350694695414e-07
0.033240277655773524,0.5011036979095573,0.5011049160586329,0.5011036952191363,1.218149075610242e-06,2.690420997097931e-09,0.03319143681779758,0.033240277655773524,0.033191307367006484,4.884083797594696e-05,1.2945079109344393e-07
0.0341984599749488,0.5011681700434079,0.5011695346646582,0.5011681668533263,1.3646212503326538e-06,3.190081532267186e-09,0.03414528078388676,0.0341984599749488,0.034145131595723965,5.317919106204161e-05,1.4918816279574365e-07
0.03518426280218024,0.5012364036549349,0.5012379323489329,0.5012363998724323,1.528693997943087e-06,3.782502644433805e-09,0.03512636041910312,0.03518426280218024,0.03512618848605201,5.79023830771172e-05,1.7193305111573576e-07
0.0361984823246339,0.5013086176424727,0.5013103301226068,0.5013086131575766,1.712480134141714e-06,4.484896121148552e-09,0.03613543785225138,0.0361984823246339,0.03613523970892374,6.30444723825202e-05,1.9814332764128695e-07
0.037241937680321,0.5013850435764762,0.5013869619221849,0.5013850382588113,1.9183457087290634e-06,5.31766486400187e-09,0.037173295160842515,0.037241937680321,0.03717306681435968,6.864251947848177e-05,2.2834648283343029e-07
0.038315471619677646,0.5014659264251543,0.5014680753654384,0.5014659201201598,2.1489402840524363e-06,6.304994526473706e-09,0.03824073476986987,0.038315471619677646,0.03824047161967765,7.473684980777856e-05,2.631501922201185e-07
0.03941995118621522,0.5015515253207028,0.5015539325515236,0.501551517845149,2.4072308207889748e-06,7.475553842617444e-09,0.03933857984692671,0.03941995118621522,0.03933827659244491,8.13713392885107e-05,3.032544817968552e-07
0.040556268416791164,0.5016421143682962,0.5016448109078948,0.5016421055049721,2.6965395986122687e-06,8.8633240746816e-09,0.040467674692291365,0.040556268416791164,0.04046732522655723,8.859372449979835e-05,3.494657341354679e-07
0.041725341062065754,0.5017379835000991,0.5017410040867457,0.5017379729915157,3.0205866465848885e-06,1.050858344786576e-08,0.04162888512246481,0.041725341062065754,0.041628482409652535,9.645593960094789e-05,4.027128122710555e-07
0.04292811332772658,0.5018394393766578,0.5018428229138782,0.5018394269175862,3.3835372204027436e-06,1.2459071552228806e-08,0.042823098845493866,0.04292811332772658,0.042822634779873386,0.00010501448223271259,4.640656204799032e-07
0.0441655566370798,0.5019468063381448,0.501950596393063,0.5019467915667745,3.7900549182401377e-06,1.4771370349109247e-08,0.04405122582624959,0.0441655566370798,0.04405069106978125,0.0001143308108302113,5.347564683358397e-07
0.04543867041562353,0.5020604274080359,0.5020646727691397,0.502060409895496,4.2453611037718275e-06,1.75125398627074e-08,0.0453141986396524,0.04543867041562353,0.0453135824349928,0.00012447177597112863,6.162046596036586e-07
0.04674848289823741,0.5021806653519097,0.5021854206532868,0.5021806445898549,4.755301377001864e-06,2.076205485312954e-08,0.04661297280964672,0.04674848289823741,0.04661226276485657,0.00013551008859068875,7.100447901517426e-07
0.0480960519596402,0.5023079037941812,0.5023132302141045,0.502307879180081,5.326419923235015e-06,2.461410020249133e-08,0.047948527131522076,0.0480960519596402,0.04794770897221064,0.00014752482811812573,8.181593114386931e-07
0.049482465968786096,0.5024425483956868,0.502448514438352,0.5024425192153972,5.966042665228599e-06,2.9180289629060496e-08,0.04932186397495844,0.049482465968786096,0.04932092125895965,0.0001606019938276554,9.427159987918099e-07
0.050908844667889655,0.5025850280951666,0.5025917104654193,0.5025849935022827,6.682370252697467e-06,3.4592883890738335e-08,0.05073400956493776,0.050908844667889655,0.05073292335387875,0.0001748351029518952,1.0862110590079133e-06
0.05237634007678977,0.5027357964177999,0.5027432809998396,0.5027357554091955,7.484582039696264e-06,4.1008604401149285e-08,0.05218601423741177,0.05237634007678977,0.05218476271869138,0.00019032583937800274,1.2515187203868128e-06
0.053886137423382476,0.5028953328540758,0.5029037158064117,0.5028952842409273,8.382952335850291e-06,4.861314850668208e-08,0.053678952666345855,0.053886137423382476,0.05367751071807215,0.00020718475703662004,1.4419482737074163e-06
0.05543945610087452,0.5030641443123937,0.5030735332927608,0.5030640866858591,9.388980367175392e-06,5.762653454421951e-08,0.05521392405847193,0.05543945610087452,0.055212262748796405,0.0002255320424025889,1.6613096755282997e-06
0.057037550652630636,0.5032427666489121,0.5032532821844514,0.5032426983394798,1.0515535539323828e-05,6.830943233282483e-08,0.0567920523117761,0.057037550652630636,0.056790138322786704,0.0002454983408545358,1.9139889893965423e-06
0.058681711785409936,0.5034317662782771,0.503443543298066,0.5034316853076203,1.1777019788827836e-05,8.097065684609106e-08,0.05841448613342168,0.058681711785409936,0.05841228109829302,0.00026722565198825793,2.2050351286551084e-06
0.060373267411809865,0.5036317418689751,0.503644931417978,0.5036316458929362,1.3189549002867729e-05,9.597603889410777e-08,0.06008239911246224,0.060373267411809865,0.06007985885288281,0.00029086829934762276,2.54025957942966e-06
0.0621135837227595,0.5038433261271645,0.5038580972828842,0.50384321236824,1.4771155719683904e-05,1.1375892450260494e-07,0.0617969897423338,0.0621135837227595,0.06179406339130485,0.0003165939804256959,2.926351028949281e-06
0.06390406629092855,0.5040671876729484,0.5040837296885153,0.5040670528403465,1.654201556688939e-05,1.348326019723345e-07,0.06355948138772903,0.06390406629092855,0.06355611038062306,0.00034458490319952406,3.3710071059706026e-06
0.06574616120594312,0.5043040330131396,0.5043225577133179,0.504303873208133,1.852470017826846e-05,1.5980500667200914e-07,0.06537112219004969,0.06574616120594312,0.0653672391042874,0.000375039015893433,3.883085762282357e-06
0.06764135624232515,0.5045546086146683,0.5045753530743011,0.5045544192185466,2.0744459632848766e-05,1.893961216747897e-07,0.06723318490520698,0.06764135624232515,0.06722871212601418,0.00040817133711816556,4.472779192798981e-06
0.06959118206109881,0.5048197030828541,0.504842932620661,0.5048194786242928,2.3229537806979117e-05,2.2445856129316155e-07,0.06914696666709214,0.06959118206109881,0.06914181485348007,0.0004442153940066723,5.151813612061518e-06
0.07159721344603434,0.5051001494488365,0.505126160973237,0.5050998834469135,2.6011524400515462e-05,2.6600192304382375e-07,0.07111378866957441,0.07159721344603434,0.07110785499088823,0.0004834247764599342,5.933678686176336e-06
0.07366107057552776,0.5053968275705071,0.5054259533183328,0.5053965123489201,2.9125747825764492e-05,3.1522158694397007e-07,0.0731349957593994,0.07366107057552776,0.07312816186843278,0.0005260748161283607,6.833890966617684e-06
0.07578442033114374,0.5057106666513249,0.5057432783649275,0.5057102931185504,3.261171360258164e-05,3.7353277448914923e-07,0.07521195593186088,0.07578442033114374,0.07520408563556184,0.0005724643992828654,7.870296299034019e-06
0.07796897764387838,0.5060426478814128,0.5060791614748316,0.5060422052705945,3.651359341871885e-05,4.4261081832974725e-07,0.07734605972060396,0.07796897764387838,0.07733699630371214,0.0006229179232744159,9.063416891816334e-06
0.08021650687922942,0.5063938072053266,0.5064346879759054,0.5063932827665582,4.088077057884387e-05,5.244387684122387e-07,0.07953871947239231,0.08021650687922942,0.07952828262284953,0.0006777874068371048,1.0436849542785898e-05
0.0825288232621923,0.5067652382208572,0.5068110066690422,0.5067646168571965,4.576844818504622e-05,6.213636606355877e-07,0.08179136849713592,0.0825288232621923,0.08177935077468963,0.0007374547650563779,1.2017722446286405e-05
0.08490779434333305,0.5071580952131689,0.5072093335402498,0.5071573590501552,5.123832708087139e-05,7.361630136593078e-07,0.0841054600829375,0.08490779434333305,0.08409162286388236,0.0008023342603955541,1.3837219055137795e-05
0.08735534150712225,0.5075735963284792,0.507630955689826,0.5075727242050859,5.735936134676489e-05,8.721233932806882e-07,0.08648246636537667,0.08735534150712225,0.0864665351867083,0.0008728751417455827,1.5931178668368573e-05
0.08987344152374786,0.5080130268913609,0.5080772354913226,0.5080119937581403,6.420859996170147e-05,1.0331332205293364e-06,0.08892387703971735,0.08987344152374786,0.08890553625494398,0.0009495644840305101,1.834078477337686e-05
0.09246412814566093,0.5084777428695746,0.5085496149937372,0.508476519077196,7.187212416259747e-05,1.2237923785463067e-06,0.09143119790420556,0.09246412814566093,0.09141008455049163,0.001032930241455371,2.11133537139363e-05
0.09512949375014293,0.5089691744901242,0.5090496205811584,0.5089677249484955,8.044609103419198e-05,1.4495416287285678e-06,0.09400594922212413,0.09512949375014293,0.09398164598412095,0.0011235445280187994,2.430323800317602e-05
0.09787169102922161,0.5094888300099615,0.5095788679049195,0.5094871131945796,9.003789495798387e-05,1.7168153818580834e-06,0.09664966388980366,0.09787169102922161,0.0966216910292216,0.00122202713941795,2.7972860582051173e-05
0.10069293472830057,0.5100382996444461,0.5101390671041978,0.5100362664224544,0.00010076745975162726,2.033221991770695e-06,0.0993638853973613,0.10069293472830057,0.09933169149879544,0.0013290493309392748,3.219389856586041e-05
0.10359550343490613,0.5106192596562841,0.5107320283319317,0.5106168518998143,0.00011276867564757875,2.4077564697577714e-06,0.10215016556856325,0.10359550343490613,0.10211311693100729,0.0014453378663428773,3.7048637555964214e-05
0.10658174141899673,0.511233476607221,0.5113596676039058,0.5112306255558347,0.00012619099668487177,2.851051386310033e-06,0.10501006206590108,0.10658174141899673,0.10496743054544307,0.0015716793530956563,4.263152045801133e-05
0.10965406052632093,0.5118828117742479,0.5120240129899101,0.5118794361015285,0.00014120121566219002,3.3756727193523517e-06,0.10794513564674496,0.10965406052632093,0.10789608472876777,0.0017089248795759682,4.905091797718919e-05
0.11281494212635315,0.5125692257314834,0.5127272111669724,0.5125652292628837,0.00015798543548894983,3.996468599720693e-06,0.11095694715631269,0.11281494212635315,0.11090051600471067,0.0018579949700404663,5.643115160201828e-05
0.11606693911638069,0.513294783098217,0.5134715343558456,0.5132900521179449,0.00017675125762861565,4.730980272094065e-06,0.11404705424318613,0.11606693911638069,0.11398213943920181,0.002019884873194558,6.491480398432281e-05
0.11941267798336014,0.5140616574528367,0.5142593876631577,0.5140560575266295,0.00019773021032098992,5.5999262071892986e-06,0.1172170077832401,0.11941267798336014,0.11714234242701274,0.0021956702001200423,7.46653562273547e-05
0.1228548609252091,0.5148721364115099,0.5150933168529525,0.5148655086393288,0.0002211804414425922,6.627772181078129e-06,0.12046834799814528,0.1228548609252091,0.12038247780138298,0.002386512927063822,8.587019676230268e-05
0.1263962680332459,0.5157286268695311,0.5159760165727322,0.5157207834672,0.0002473897032010397,7.843402331175753e-06,0.12380260025509046,0.1263962680332459,0.12370385620280507,0.0025936677781554507,9.874405228539607e-05
0.13003975953754027,0.5166336604022054,0.5169103390605813,0.5166243794934374,0.000276678658375884,9.28090876795018e-06,0.127221270535068,0.13003975953754027,0.12710773763735858,0.0028184890024722797,0.00011353289770940633
0.13378827811698826,0.5175898988209764,0.5178993033615086,0.5175789183006813,0.0003094045405321877,1.0980520295134077e-05,0.13072584055800723,0.13378827811698826,0.1305953221486818,0.0030624375589810293,0.0001305184093254308
0.13764485127597742,0.518600139879258,0.5189461050827859,0.5185871501849779,0.0003459652035279204,1.2989694280096664e-05,0.13431776255425384,0.13764485127597742,0.13416773952080527,0.0033270887217235756,0.00015002303344857637
0.14161259378956154,0.5196673231210592,0.5200541267198073,0.5196519587213132,0.0003868035987480978,1.5364399746031765e-05,0.13799845367340824,0.14161259378956154,0.1378260379215929,0.003614140116153297,0.0001724157518153413
0.14569471021911973,0.5207945358640328,0.5212269485858333,0.5207763652395677,0.0004324127218005014,1.817062446507478e-05,0.14176929002338495,0.14569471021911973,0.14157117138838754,0.0039254201957347745,0.0001981186349974129
0.14989449750053188,0.5219850193070075,0.5224683603809369,0.5219635331627293,0.00048334107392944414,2.148614427821549e-05,0.14563160033476907,0.14989449750053188,0.14540398604858334,0.004262897165762808,0.00022761428618572888
0.1542153476069607,0.5232421747504072,0.5237823734375358,0.5232167721512133,0.0005401986871285125,2.5402599193924402e-05,0.14958665924815265,0.1542153476069607,0.14932520495817656,0.0046286883588080585,0.000261454289976093
0.1586607502883909,0.5245695699162077,0.5251732336820751,0.5245395419880627,0.0006036637658674016,3.0027928144993332e-05,0.15363568022516585,0.1586607502883909,0.15333541143081353,0.005025070063225057,0.00030026879435232634
0.16323429589013824,0.5259709453522592,0.5266454353547492,0.5259354561295051,0.0006744900024899803,3.548922275409261e-05,0.15777980808739653,0.16323429589013824,0.15743503071838,0.005454487802741714,0.0003447773690165301
0.16793967825260447,0.5274502209039146,0.5282037355315883,0.5274082848336525,0.0007535146276737015,4.1936070262038605e-05,0.16202011119134285,0.16793967825260447,0.1616243098916758,0.005919567061261621,0.00039580129966704236
0.17278069769462112,0.5290115022339685,0.52985316949584,0.5289619577668927,0.0008416672618715149,4.954446707583493e-05,0.1663575732519816,0.17278069769462112,0.1659032957561051,0.006423124442639511,0.00045427749587650945
0.17776126408279025,0.530659087369953,0.5315990670083115,0.5306005659725157,0.0009399796383584569,5.852139743733886e-05,0.17079308483246888,0.17776126408279025,0.17027181062247793,0.006968179250321366,0.0005212742099909573
0.18288539998930223,0.5323974732558815,0.533447069529247,0.5323283630691528,0.0010495962733655384,6.911018672872693e-05,0.17532743452292418,0.18288539998930223,0.1747294257368671,0.007557965466378047,0.0005980087860570915
0.18815724394078054,0.5342313622835994,0.5354031484473905,0.5341497655274025,0.0011717861637910998,8.159675619689999e-05,0.17996129983717293,0.18815724394078054,0.17927543215586414,0.008195944103607605,0.0006858676813087938
0.19358105376077736,0.5361656687770422,0.537473624375133,0.5360693518513244,0.0013079555980908264,9.63169257177654e-05,0.18469523786271358,0.19358105376077736,0.1839088088344123,0.008885815898063781,0.0007864290283012831
0.19916121000862025,0.5382055254009361,0.5396651875720977,0.538091860466968,0.0014596621711615576,0.00011366493396813837,0.1895296757060042,0.19916121000862025,0.18862818767251643,0.00963153430261604,0.000901488033487774
0.20490221951738616,0.5403562894638602,0.5419849195631511,0.5402221860924268,0.0016286300992909286,0.00013410337143338058,0.19446490078237075,0.20490221951738616,0.19343181524438804,0.01043731873501541,0.001033085537982703
0.21080871903386147,0.5426235490841671,0.5444403160206975,0.542465374332678,0.001816766936530434,0.00015817475148904858,0.19950105100736604,0.21080871903386147,0.19831751090881716,0.011307668026495438,0.0011835400985488742
0.21688547896342708,0.545013129186073,0.5470393109851952,0.5448266142072333,0.002026181799122173,0.00018651497883970247,0.2046381049541584,0.21688547896342708,0.2032826209725822,0.012247374009268674,0.0013554839815761999
0.22313740722289283,0.5475310972923411,0.5497903025021551,0.547311228278899,0.0022592052098140414,0.00021986901344206444,0.20987587204939928,0.22313740722289283,0.20832396854932694,0.013261535173493544,0.001551903500072338
0.2295695532043947,0.5501837690794462,0.5527021797584654,0.5499246600071718,0.002518410679019145,0.0002591090722744438,0.21521398288787874,0.2295695532043947,0.2134377987243299,0.014355570316515964,0.0017761841635488274
0.23618711185355398,0.5529777136609786,0.5557843518057233,0.5526724578993386,0.0028066381447446886,0.0003052557616399776,0.22065187975397185,0.23618711185355398,0.21861971860073218,0.01553523209958213,0.0020321611532396755
0.2429954278651936,0.5559197585653783,0.5590467779633885,0.5555602559755308,0.003127019398010189,0.0003595025898475157,0.2261888074452424,0.2429954278651936,0.22386463176482738,0.016806620419951207,0.0023241756804150138
0.25,0.5590169943749475,0.5625,0.55859375,0.0034830056250525487,0.00042324437494745126,0.23182380450040305,0.25,0.22916666666666666,0.018176195499596953,0.0026571378337363893
