g,resonance_relative_error,gap_relative_error
1.000000000000000021e-02,8.087038890540353097e-07,1.011811736193487729e-03
1.400000000000000029e-02,3.101923891687217581e-06,1.981861453947221085e-03
1.799999999999999864e-02,8.458866247794716466e-06,3.273309911332115529e-03
2.199999999999999872e-02,1.882744868516180684e-05,4.884510891071893249e-03
2.800000000000000058e-02,4.916309907842449789e-05,7.896319409022991426e-03
3.400000000000000244e-02,1.062555752487033317e-04,1.161461087369266426e-02
4.000000000000000083e-02,2.021374207625018188e-04,1.602945350880955258e-02
4.599999999999999922e-02,3.507274400521436550e-04,2.112953736574165950e-02
5.000000000000000278e-02,4.867120011255212102e-04,2.490418635332564135e-02
