P_e2,concurrence,Vmin,Re_a2,Abs_pair,n_cavity,P_cavity_excited,omega_c_t
4.1667632325461424e-35,0.0,0.5,5.432083562356823e-18,4.691327019273585e-18,5.029251440027228e-35,0.0,0.0
8.289698355631316e-05,4.8070845587557594e-05,0.4999095855972883,-0.00019418159078467203,0.00010690675255347836,0.00016585553598010745,0.00016579199293964564,0.125
0.0003235008575138535,6.428588063904896e-05,0.49990051077458714,-0.0007347727701421068,0.0003553108081583076,0.0006473802713546171,0.0006468343319527836,0.25
0.0006983473590396232,0.00011400762310305333,0.4998725467057929,-0.001501452276971004,0.000753828163161078,0.0013980394094777462,0.001395805072730183,0.375
0.0011709067743292838,0.00023989556298382666,0.49976128863590447,-0.002311513188922242,0.0012865247342705435,0.002345416329119515,0.002339240003152665,0.5
0.001695180764319995,0.0004899234899999994,0.4994992721216213,-0.002944450287868689,0.0019308205217957882,0.0033983767697395857,0.0033850007533061666,0.625
0.0022202269147457714,0.0009124008225487568,0.4990181391223504,-0.0031723103503144543,0.002659776741961422,0.004456062060521634,0.004431543190794418,0.75
0.002695161426575018,0.0015485816537412682,0.49825702060983,-0.002792267330899768,0.003443519105103778,0.0054178056876468626,0.00537799778762571,0.875
0.003074142991012265,0.002425335717164146,0.49717137704544284,-0.001657573106430907,0.004250498178515631,0.006192979219358124,0.0061340291336040575,1.0
0.003320843460816264,0.0035489167022690316,0.4957405331045275,0.00029685410758473543,0.005048634819903805,0.006709787110718162,0.006628510594544612,1.125
0.003411963064016358,0.004900663458524815,0.4939728568743955,0.003037416480893044,0.005806402487883879,0.006922142061065781,0.006816208127959578,1.25
0.0033394446454958707,0.0064353251158449426,0.4919079078897265,0.006425722832956075,0.006493945628165562,0.006813951269623112,0.0066818853068851825,1.375
0.0031111730109414583,0.008082521767784782,0.4896152489155856,0.010224539597998227,0.007084359094518529,0.006400408332843731,0.006241492566942175,1.5
0.002750097997665714,0.009751621748512915,0.4871900009135706,0.014115661845261107,0.007555244415278484,0.005726187730999012,0.00554036578329109,1.625
0.0022918781818611097,0.011340030972100274,0.4847455809478192,0.017728238900504047,0.00789061923158817,0.004860749376337387,0.00464861986739995,1.75
0.0017812894574462566,0.012744571663981241,0.48240435789224984,0.0206748990932186,0.008083195034981682,0.003891247638498738,0.0036541702361201356,1.875
0.0012677641557166891,0.013875256905579697,0.4802871555219984,0.022592086833611493,0.008136959224695543,0.0029137741766804663,0.002654036406399052,2.0
0.0008005099539829037,0.014670323172083942,0.47850260268653,0.02318045888528444,0.008069875953243865,0.002023823827380654,0.001744760383896482,2.125
0.0004236951744289055,0.015110698717383263,0.47713727521450233,0.02224104712581806,0.007916259916966843,0.001306941106938377,0.0010128842262001614,2.25
0.00017217539645755707,0.015230814954119255,0.47624741203228693,0.019703204817344368,0.007727784582593192,0.0008304757310890777,0.0005264536827873645,2.375
6.817742647276567e-05,0.015120556320145858,0.47585276291600914,0.015641086446027797,0.007571011205793412,0.0006372523667145982,0.0003284312098115194,2.5
0.00011925728762096665,0.014911445013931754,0.4759329109470259,0.010276492848680272,0.007518385727368679,0.0007417561218919053,0.00043270974104259174,2.625
0.0003177196395730642,0.014743893640334613,0.4764262915851013,0.003967239775343699,0.007631363782365292,0.001129173479165354,0.0008231353893791704,2.75
0.0006415400950113847,0.014726413410147106,0.47723218225463776,-0.0028183571776724215,0.00794115320513957,0.0017573364796995537,0.001455608131035957,2.875
0.0010566838606427425,0.014911123481723266,0.47821617917992454,-0.009538887805876878,0.008439086009192456,0.002561326938158182,0.0022629826633044914,3.0
0.0015205784089615728,0.015299585587934705,0.4792199653302428,-0.015625923946077272,0.00908329369254849,0.0034602374887258494,0.0031621875756783213,3.125
0.0019863875021847084,0.01586636647696814,0.48007609214079544,-0.020534621678810278,0.009814930958975317,0.004365382986969633,0.004062761424513672,3.25
0.002407659160679704,0.016579101165850367,0.48062742077568277,-0.023794166145482,0.010572834066096912,0.005189128010826763,0.0048758933210252264,3.375
0.002742887983436857,0.017406345568716203,0.4807485549135048,-0.025053284699767444,0.011301784830008814,0.005853454124606388,0.005523056225254952,3.5
0.002959545206144346,0.018316312427271584,0.4803641564622598,-0.024116418666600147,0.011955532395578283,0.006297434996688141,0.005943417268892248,3.625
0.0030371865075725164,0.01927239891535935,0.47945877531367015,-0.020966935382301426,0.01249723933788614,0.006482911351151195,0.006099374296422488,3.75
0.0029693417000460987,0.020229752631524232,0.47807584944088555,-0.01577490404745805,0.012899295259976925,0.0063978459160778135,0.005979771216213625,3.875
0.0027640127502488606,0.021135050080558947,0.4763077800910304,-0.008888350835154905,0.013143504045093284,0.006057071955033077,0.005600562994093394,4.0
0.0024427446628595075,0.021930241449867185,0.4742813076090754,-0.0008084194546204117,0.01322202371357894,0.0055004044528265935,0.005002918567819314,4.125
0.002038373969283621,0.022560084719673978,0.47214199621736325,0.007849645761625937,0.01313905039629284,0.004788336889277385,0.00424895936652081,4.25
0.0015916880187652107,0.02298256183416096,0.470040005094046,0.016406446518222248,0.012912951572567302,0.003995775426545361,0.003415527848074751,4.375
0.0011473325185431197,0.023180496139371242,0.4681179927516966,0.02417501323466125,0.012578252231351145,0.0032044455488448396,0.002586557387686761,4.5
0.0007493748507185257,0.023171645514689813,0.46650136319885005,0.03051907005578845,0.012186443726461629,0.00249472693587007,0.0018447583862399863,4.625
0.00043696028241022516,0.023013143673304384,0.46529084567876905,0.0349078178136929,0.011803955655805307,0.0019377195289951498,0.0012634258706497592,4.75
0.00024048488429992426,0.022795030895735945,0.46455730243460286,0.03696233399852489,0.011505103875409282,0.0015883127840259342,0.0008991897819985439,4.875
0.0001786547878788229,0.0226191604352019,0.46433856236045734,0.03648940291698684,0.011358582525135651,0.0014799243013379978,0.0007864552256533486,5.0
0.00025671205559191955,0.022567309211604342,0.46463799802532024,0.03349969092346291,0.011409757982973074,0.0016214038570912578,0.0009341136769089875,5.125
0.0004659920386836447,0.02267363047496668,0.4654245563658291,0.028208568343250456,0.011666538333634279,0.0019963818380481103,0.0013248625441429907,5.25
0.0007848469476591963,0.022918806494107852,0.4666340535066503,0.02101942339481857,0.012097527231351294,0.002565099314476743,0.0019171809401944406,5.375
0.001180838022619471,0.02324821888522181,0.4681717419314391,0.012490871041708977,0.012643471616008659,0.0032685151420583673,0.0026497159990991337,5.5
0.001613976738905696,0.02359924395713502,0.46991641047604915,0.0032906875662546122,0.01323425796516495,0.004034267704982597,0.0034475795494967043,5.625
0.0020406953189226226,0.023921632056518344,0.4717265291818767,-0.005859529123577572,0.013803041130232395,0.0047838959960140835,0.004229873299468112,5.75
0.002418157838706986,0.024185335571627564,0.4734491311521987,-0.014244168276437794,0.014294261880008341,0.005440612287541594,0.004917669784890055,5.875
0.0027084916800142267,0.024378541001421554,0.4749320873560199,-0.02121270547961285,0.014666530870269739,0.005936875231212296,0.005441675521528855,6.0
0.0028825279315709187,0.024500957032462453,0.47603988420240345,-0.026233002657685873,0.014892572109512146,0.006221039722052723,0.0057488767278379704,6.125
0.002922687517191573,0.024556474179069494,0.47667160268946435,-0.02893425630581437,0.01495803368636929,0.00626245327783445,0.0058075934659069794,6.25
0.002824732763709344,0.024547806692552573,0.47677762248914646,-0.02913597608354605,0.014860301924052558,0.006054518036245384,0.005610522785952421,6.375
0.002598213772686715,0.02447451413177721,0.4763698896762413,-0.02686062050439597,0.0146079189017422,0.005615428458354812,0.0051755199299020616,6.5
0.002265564913484556,0.02433484930207396,0.47552141003889714,-0.02232896048287372,0.014220789399305992,0.004986510788090379,0.004544042122113456,6.625
0.0018599369556453662,0.024130965991264096,0.47435449653300554,-0.01593875600606586,0.013730970956442247,0.004228312916653626,0.003777360987716416,6.75
0.001421972418081058,0.02387593941782727,0.473021744599315,-0.008228783257190501,0.01318337765379942,0.0034148038170951378,0.0029508361506305203,6.875
0.0009958340849757954,0.023599676201179597,0.47168552544170506,0.0001684879951237837,0.01263513428329667,0.002626222045947294,0.002146726854430514,7.0
0.0006248695524706524,0.023349346785131675,0.4705004179173611,0.008581305959000746,0.012151696562252425,0.001941246333331281,0.0014461837089447815,7.125
0.0003473313047253345,0.023179735795126416,0.469600395296347,0.016355300426995907,0.011797825304329594,0.0014292348086330992,0.0009211841357024131,7.25
0.0001925685146191732,0.023132570156706916,0.4690906146964606,0.0229074229761517,0.011623388630148791,0.0011432839120996611,0.0006272256004781207,7.375
0.0001780637706227158,0.023212695944913635,0.4690428310580167,0.02777249724417129,0.011648368152767843,0.0011147909179096934,0.0005975497024403031,7.5
0.00030760894810536425,0.023376471327906812,0.46949342365487245,0.030638441900763553,0.011855122041153042,0.0013500691925747374,0.0008395310961816227,7.625
0.0005708066837776536,0.023542478994490097,0.4704433277395148,0.03136730841892674,0.01219319318949366,0.0018293742221494659,0.0013336403888085657,7.75
0.0009439572150696016,0.023618399912007662,0.47185952299624456,0.030000605400465025,0.012593648209284684,0.002508468597877696,0.0020351092977278773,7.875
0.001392256552888643,0.023528162958620133,0.4736780025961623,0.026748834612297656,0.012984890472402994,0.0033226078998098195,0.0028781305597760376,8.0
0.0018731037249526327,0.023228188414994532,0.47580826775450485,0.021966604242457485,0.013304088901372793,0.004192591178837748,0.0037821568928527727,8.125
0.002340204648962024,0.022711096236977438,0.4781393507456083,0.016115975940661623,0.01350303660191166,0.005032313565616784,0.004659657305430942,8.25
0.002748078976922245,0.0220005802635727,0.48054719931848094,0.00972172379270119,0.013549874691812293,0.005757104993411374,0.005424564763581108,8.375
0.003056532504196772,0.021141880165560737,0.4829030338492746,0.0033228409787953747,0.013428489738913856,0.006292053634385005,0.006000609896542053,8.5
0.003234656264165162,0.02019121978016169,0.48508211693836745,-0.002575132915644714,0.013136909198293968,0.006579503756478879,0.006328770842424114,8.625
0.0032639551479844283,0.019206445363556757,0.4869723690612077,-0.007542591736465301,0.01268551371178285,0.00658498670206619,0.006373163051163644,8.75
0.0031402901750499095,0.018240270670592026,0.48848252336004355,-0.01125938859901821,0.01209554140759047,0.006300984350484341,0.006124828856814868,8.875
0.002874431928180047,0.017336916470693343,0.4895500359818995,-0.013536604059067344,0.011398112147298429,0.00574812447506037,0.005603054425089127,9.0
0.002491157186312391,0.01653227187621627,0.4901494069594004,-0.014324957970584471,0.010633742306272141,0.004973648930887495,0.004854036473853962,9.125
0.0020269633214451016,0.015856782702310245,0.4903009459825923,-0.013709599950835157,0.009851938890611043,0.004047256954273542,0.003946940406758914,9.25
0.001526611550773955,0.015338800217711114,0.49007730450701686,-0.011892344025284255,0.00910983346628394,0.0030546830296494503,0.002967628897532548,9.375
0.0010388270723842334,0.01500417178131308,0.4896017046173368,-0.009163611907674566,0.008467963109109102,0.002089597142423389,0.002010580150230812,9.5
0.0006115699371604294,0.014866899868622205,0.4890328398532136,-0.005867301225156497,0.007980959366688752,0.0012445920677818534,0.001169732132204282,9.625
0.0002873364825155018,0.01490984958023893,0.48853907945513486,-0.0023624087744130305,0.0076830943317055195,0.0006021283233916163,0.0005291493843488926,9.75
9.895261244952179e-05,0.01506619265716435,0.488271486619493,0.0010145422652115008,0.007574550795831485,0.00022632974650659335,0.0001544793458393423,9.875
6.627648895249667e-05,0.015220685147782239,0.4883438816492474,0.003982417459205547,0.007618481255836807,0.00015645596460491166,8.612179718103796e-05,10.0
0.00019414317802262895,0.015237469045916387,0.4888220742417453,0.006340460797243593,0.007752631513126506,0.00040272644981762207,0.0003348728050585059,10.125
0.0004717651429724523,0.014998052707373482,0.48972024297149325,0.00798300648419159,0.007907631822162984,0.0009449473757180255,0.0008805399108294809,10.25
0.0008736613423455554,0.014428616912388397,0.49100172049142804,0.008902708793346127,0.008021607054455314,0.0017341185821282802,0.0016736946745397052,10.375
0.001362037538514172,0.013509481393892152,0.492582169683086,0.00918234771846294,0.008047397528556148,0.0026969010235948724,0.002640380310903967,10.5
0.001890395894294171,0.012270880078081697,0.49433385160966775,0.00897651021675892,0.007954163997747916,0.003742535590211594,0.0036892752845059107,10.625
0.0024080275763211424,0.01078145448120675,0.4960904282701152,0.008485537779237516,0.007726161770420076,0.004771552489472756,0.0047205682531573645,10.75
0.002864950640777231,0.009134053539073017,0.4976539122275804,0.007924954445047034,0.007360503195107805,0.005685422748764602,0.005635648802917337,10.875
0.00321680690057161,0.007431510132531283,0.4988111552225019,0.007494056377693021,0.0068647731514085205,0.006396199996299541,0.006346667430944142,11.0
0.003429231304082577,0.005773923966137576,0.49937340392351093,0.007347404098407584,0.006254840861772165,0.006835192501769705,0.00678505783740746,11.125
0.003481256455118172,0.0042483745997557954,0.49923763781243635,0.007572603916972999,0.005552976463644119,0.006959794277797854,0.006908228069258282,11.25
0.0033674087645958013,0.0029216028176043875,0.49842548615467197,0.008177034124237401,0.004786272473563292,0.006757781418806337,0.006703796805988871,11.375
0.003098282178811941,0.0018359244344481806,0.4970600982192139,0.00908514287421308,0.0039853148588531034,0.006248628727716874,0.00619096333823943,11.5
0.0026995273487958917,0.0010084178127880417,0.49531218065694543,0.010146730379179129,0.003183032436836074,0.005481697568356224,0.005418844837349335,11.625
0.0022093529271297544,0.0004333046030804165,0.4933616604630046,0.011155360713379976,0.0024136993350224937,0.004531459420465543,0.004461883327874228,11.75
0.0016747850587248271,8.755309025776667e-05,0.4913807040322553,0.011874867088460658,0.0017122486916169178,0.003490219216473801,0.0034127038859513847,11.875
0.001147055740704497,0.0,0.4895256528505513,0.012070949309148954,0.0011146202383312646,0.002459057485870002,0.00237307310479562,12.0
0.0006765779322278635,0.0,0.48793010135531556,0.01154422035242164,0.0006613075908626449,0.0015378939761612083,0.0014438321058494186,12.125
0.00030800631860109157,0.00018753429214426296,0.4866972423629098,0.01016081369044979,0.0004012482489852201,0.0008156678207212704,0.0007148260280195329,12.25
7.587363597583213e-05,0.0004954921634637123,0.4858920275251201,0.007876844273475968,0.0003231947232661758,0.00036162011357080147,0.00025589059538311254,12.375
1.2344822509737978e-06,0.0005438797060153495,0.48553429123403974,0.004753609156372989,0.00027283291403780083,0.00021855387461413634,0.00010986755571051887,12.5
8.964765526727363e-05,0.00019407999564311347,0.485594110684798,0.0009613594052536466,0.0001863701097635522,0.0003987451193430099,0.00028840686201558885,12.625
0.0003306943842770906,7.932832617405755e-06,0.4859908859792839,-0.0032293236486811852,0.00033384775192363356,0.0008829079617819485,0.0007709995370435152,12.75
0.0006990767109482268,0.0001066754918628693,0.48659803504773125,-0.007468181754567074,0.0007499059422467162,0.0016223050214670552,0.0015073155650973113,12.875
0.0011571829222395968,0.00031945115026066177,0.4872553621197504,-0.0113562719137512,0.0013108831970235324,0.0025437747662716715,0.0024225499926190386,13.0
0.0016588609341424557,0.0006608333601241653,0.4877898687817473,-0.014484429345101916,0.0019776131113046513,0.0035571531895058064,0.00342515972411761,13.125
0.002154020488870465,0.0011706278924757977,0.488042000573399,-0.016475430447929564,0.002720076069481215,0.004564328743770749,0.004416142600817796,13.25
0.0025936029674988722,0.0018855242155983287,0.48788982945864967,-0.017025555384098272,0.0035081821663847713,0.005469010446364068,0.005298889079191738,13.375
0.0029344219940751174,0.002828714674388807,0.48726335162053047,-0.015941156847490204,0.004311258937521569,0.006186224878673771,0.0059886253414817014,13.5
0.0031433924415609766,0.004002922195139401,0.4861467142385747,-0.013166203007916825,0.00509854755579281,0.0066505934498648925,0.0064205496878385615,13.625
0.003200728686073344,0.005385814922344123,0.4845723383056442,-0.00879755154454899,0.005839869104635493,0.006822572184781804,0.006555919134046295,13.75
0.0031017984424385673,0.006928255194668839,0.4826121491143194,-0.003085855676183793,0.006506454353153248,0.0066920480640386285,0.00638554768096844,13.875
0.0028574554731949373,0.008555940114696285,0.48036862418901527,0.003578607454822662,0.007072080163525063,0.006278956934345117,0.005930414062143119,14.0
0.0024928286485485633,0.010174784914205025,0.47796596046820794,0.01069439755444875,0.0075146526588256825,0.0056308906463689535,0.005239332195790869,14.125
0.002044700299013921,0.011680058292858068,0.47554087626556274,0.017689417249828015,0.007818314554636552,0.004817964924026109,0.004383901123275358,14.25
0.001557747568569934,0.01296886471626452,0.47323283968575386,0.023969954960742668,0.007976066984136075,0.0039254939077474115,0.003451208966706032,14.375
0.0010800321861945655,0.013955123652115804,0.4711740290774743,0.028973815512076895,0.007992799366460152,0.0030452343655419374,0.0025349967367863657,14.5
0.0006581957362601769,0.014585694401624265,0.4694796806086948,0.03222257172119161,0.007888484502116367,0.002266100186014051,0.0017261655943162646,14.625
0.00033284227719380206,0.014855533099108165,0.4682395784910152,0.033367935554032044,0.0077009933384586116,0.001665291699584251,0.0011036059637007378,14.75
0.00013456633883253944,0.014818249726891938,0.4675113407140632,0.032227703610082564,0.007487243632264722,0.0013007306596521315,0.000726314930056593,14.875
8.101497840393227e-05,0.014585770690475217,0.46731592865961064,0.028807639623368003,0.007320009696043062,0.0012055465229227666,0.0006276393252200307,15.0
0.00017526545460975994,0.014308850011062017,0.4676355533343099,0.023306929052859873,0.00727661007212327,0.001385139579875397,0.0008122454365812048,15.125
0.0004056663579477119,0.014136069312744708,0.4684139508586297,0.01610635504940246,0.007418454301889879,0.0018170757984395049,0.0012561021082421187,15.25
0.0007471433785365498,0.014168083663412387,0.469558926400239,0.007739954432704618,0.007769781636336688,0.0024537766692270873,0.0019094175795320023,15.375
0.0011638259052443515,0.014437524296389326,0.47094715625524025,-0.0011475392181739762,0.008310560165982857,0.003227685966175229,0.0027021427841363854,15.5
0.0016127215000876188,0.014924981281723516,0.47243147261207274,-0.009853817842652188,0.008988377484786252,0.004058353039460057,0.003551390486836059,15.625
0.002048064494714596,0.015589424528313092,0.4738511186534524,-0.01767803496004055,0.009738045661468837,0.004860692690480687,0.004369950990544491,15.75
0.002425901969092171,0.016389196637269416,0.47504548579881944,-0.023980527833974745,0.010496522358415887,0.005553580503095285,0.005075021491491194,15.875
0.0027084610832223853,0.017288023087526815,0.4758712148305937,-0.028237904107740037,0.011209953956950184,0.00606792697679853,0.005596299264613913,16.0
0.0028678674860133204,0.01825186754247156,0.4762209518848459,-0.030088564292113144,0.011835415518507596,0.006353442002463567,0.005882697670669512,16.125
0.0028888524669941494,0.01924328188999027,0.47603992360985853,-0.029364575296871278,0.012340423444547572,0.006383443835845278,0.005907103595680585,16.25
0.002770189454555408,0.020217377748264907,0.47533537569413115,-0.026107024533731607,0.01270212015339114,0.006157267829258436,0.0056687837957498655,16.375
0.002524727969918965,0.021121424601708433,0.4741754366952888,-0.02056345827111244,0.01290704923622573,0.005700069698852101,0.005193251697567458,16.5
0.002178032359790498,0.02189877091701237,0.4726777663769649,-0.013167606506607253,0.012951862545197848,0.005060073135950639,0.004529618010751246,16.625
0.0017657697468944282,0.02249687339913336,0.4709918399752517,-0.0045031746943330194,0.012844932887610482,0.004303558539159293,0.0037456629010546028,16.75
0.001330113197158525,0.02287838982634876,0.46927972431233356,0.004745103742606943,0.012608530174482258,0.0035081057798572826,0.0029210758547913995,16.875
0.0009155204442699852,0.023033325326924932,0.4676989395671217,0.0138488384743627,0.012280843727274506,0.002754769257805891,0.002139495977011241,17.0
0.0005643067264334781,0.02298894426629884,0.4663890948735385,0.02209673429032726,0.011916591964606685,0.0021199623076755747,0.0014801272559382683,17.125
0.00031244727289217987,0.02281259950270157,0.46546259221989833,0.028853412670728374,0.011584247322269313,0.00166785083604868,0.0010097746148812758,17.25
0.00018601951252344664,0.02260185194188813,0.46499900107611425,0.03361120515549424,0.01135752575365314,0.0014440003793376262,0.0007761262643609657,17.375
0.00019863020877614252,0.022459274440422214,0.4650424591132255,0.03603049234131832,0.011300246354637592,0.0014708923047006164,0.0008029877125655949,17.5
0.0003500750303136117,0.022458953976300416,0.4656014163748842,0.035965227792005165,0.011448356315808851,0.0017457365906607325,0.0010879620572525894,17.625
0.0006263572476015681,0.022622499091033997,0.4666501097390109,0.03347164188189577,0.011798147526904113,0.002240780056976936,0.0016027973228899262,17.75
0.0010010599929653912,0.022919770999045564,0.4681313010047569,0.02879963917195839,0.01230821575470401,0.002906063562256014,0.0022963247105523,17.875
0.0014379354910217792,0.02329121402367115,0.4699600064155582,0.022367941699440914,0.012913379327404486,0.0036743444118352013,0.0030996354633445744,18.0
0.0018944573625633394,0.023674670560970962,0.47202814200080684,0.01472544845321486,0.01354166227040618,0.004467694430991247,0.003932925877716764,18.125
0.0023259895631887076,0.02402294954914421,0.4742101657663491,0.006502451544372857,0.014127081479058636,0.00520512891171234,0.004713302452948542,18.25
0.002690166564855251,0.02430929035406917,0.47636990713980343,-0.0016438299746756471,0.014616414094603198,0.005810530360769666,0.0053627875080027865,18.375
0.0029510594497127152,0.024524401160063995,0.47836886337465423,-0.009084532268105397,0.014971430758139186,0.006220109909461545,0.005815789584425302,18.5
0.0030827235827327365,0.02466976721697583,0.4800763229450323,-0.015270417068555885,0.015168651550876938,0.00638869826678574,0.006025383990029387,18.625
0.0030717832420291344,0.0247507327500025,0.4813816172347251,-0.019774769772474377,0.015198149409801123,0.006294270681169953,0.00596786756480483,18.75
0.0029188013060562337,0.024771542864183985,0.48220821623844823,-0.02232441168296519,0.015062326015786364,0.0059402755071362185,0.005645194749483329,18.875
0.002638298800525114,0.02473354871436309,0.482527794713659,-0.02281645401239978,0.014775148110324494,0.005355538694913612,0.0050850636753678735,19.0
0.002257418653323897,0.024636957949522104,0.48237008426261446,-0.021319750725344425,0.014361984538228128,0.004591739602278684,0.004338601162189648,19.125
0.0018133580636417266,0.02448561681377368,0.48182326530106495,-0.01806140199124106,0.01385981640011539,0.003718678240931453,0.003475793678447081,19.25
0.0013498121347509321,0.02429317128028206,0.48102226558252575,-0.013399994363646053,0.013317126768045893,0.0028177611631559174,0.0025790202615310065,19.375
0.0009127668335239453,0.02408757554161167,0.4801278511946074,-0.007788418488569234,0.012792205736644916,0.0019743044435911075,0.00173524564919747,19.5
0.000546042914260795,0.0239097817928031,0.4793033359766052,-0.0017299774223429867,0.012348152140292494,0.001269371197759282,0.0010276003550279134,19.625
0.0002870182994654134,0.023803048619707504,0.4786950899249131,0.004267987549176022,0.012043238113400107,0.0007719155070369208,0.0005271784236523525,19.75
0.00016294194741384974,0.023793824084035325,0.4784195264453335,0.009738615243479827,0.011917588571610975,0.0005319872325267583,0.0002858971282662104,19.875
0.0001881985928528342,0.023873053426387944,0.4785562113906159,0.014294145605986424,0.011981031540636648,0.0005756625173340727,0.00033117342191502086,20.0
0.000362795570432996,0.023990822709028536,0.47914552061891025,0.017655275004091364,0.012208895630765467,0.0009022094475562814,0.0006629856999499362,20.125
0.0006722280933357054,0.024069818877621243,0.48018937309278037,0.019668858308385793,0.012548656668911787,0.0014837910150375215,0.001253631308755887,20.25
0.0010887483164637591,0.024029727303455886,0.4816541190571866,0.020312761088143776,0.012933478488912346,0.002267767597978039,0.0020501984498305648,20.375
0.001573928438917309,0.023809331799105247,0.4834751559790281,0.019687947593309916,0.013295852156848071,0.0031814117852828204,0.0029794879601781066,20.5
0.0020822818771181577,0.023378470423964216,0.48556310405229236,0.017999137012466943,0.01357710986508894,0.004138613960313142,0.0039548825042895475,20.625
0.0025656014669424134,0.022739525815207336,0.48781139323782113,0.015526448837441243,0.013732283151339291,0.005047960548689393,0.004884491453408857,20.75
0.002977600369113722,0.021921845748537446,0.4901049594815017,0.012591281911900691,0.013731614978874835,0.0058214275497863125,0.005679807146286797,20.875
0.0032784075407260214,0.020972798604578447,0.49232950564209993,0.009520152115283443,0.013560208532746637,0.006382863492056617,0.006264087141012675,21.0
0.0034384792816821385,0.019948258844689617,0.494380534877367,0.006610307196077978,0.013216877944621183,0.006675445291312579,0.006579715498689964,21.125
0.0034415411137173535,0.0189043961045496,0.49617116614959605,0.004100640280642341,0.012712851185495871,0.006667377428892421,0.006593882152739705,21.25
0.0032862654245871606,0.017891976496588996,0.49763760369902016,0.0021507712449626262,0.012070686960240579,0.006355262278943179,0.006302045979594384,21.375
0.002986511246363413,0.016953837212023568,0.49874100078827566,0.0008302288111300378,0.011323550242006472,0.005764783739409907,0.005728812853919352,21.5
0.0025700915387402708,0.01612556827516554,0.49946423914458377,0.0001185444876194651,0.010514749899252414,0.004948598744098704,0.004926065289437509,21.625
0.0020761768090061163,0.015438458297294752,0.4998021912664169,-8.412065555708925e-05,0.009697058289410447,0.0039815988848757615,0.003968421549305101,21.75
0.0015515777502688264,0.01492218446813758,0.4997485531991505,6.266889325907286e-05,0.008930676630573224,0.0029539621814895197,0.002946365701667064,21.875
0.001046260713074095,0.014602708912481487,0.49930804263111267,0.0003658069880172155,0.008277851636824356,0.0019626378526726176,0.0019576498428871547,22.0
0.0006085272511510217,0.014490347389675829,0.4985845732355068,0.000628196165243339,0.007792041243828836,0.0011020717141033633,0.0010977894719925718,22.125
0.0002803250911662702,0.01455865458054949,0.4978260018714793,0.0006781412065261259,0.007502467821112036,0.00045506854657864583,0.00045061430654413925,22.25
9.314877953308265e-05,0.014727775330109891,0.49727252094337354,0.0003950925818563435,0.0074014339406959125,8.468906483198931e-05,7.986852156083302e-05,22.375
6.493451681584565e-05,0.014871739523839682,0.4970351105344382,-0.00027134441760719055,0.007444642550236187,2.7990629124744726e-05,2.2762415895938304e-05,22.5
0.00019825993096794824,0.014851696951091833,0.4970907799488086,-0.0012914708263603684,0.007565898954886069,0.00029224932152577585,0.0002861696284781612,22.625
0.00048003436879073374,0.014554442756696989,0.49731211738145936,-0.002555949873763045,0.007696070363899191,0.0008540624091900902,0.0008458695243741543,22.75
0.0008827204183167513,0.013916373242186737,0.4975237399310662,-0.003886811998320239,0.007776373819645661,0.001661447865720484,0.0016488971271922948,22.875
0.001366976703486612,0.012928987260555578,0.49757572758314467,-0.005057957653710116,0.007763866203471564,0.002638759838067736,0.0026187313524247413,23.0
0.001885470379225887,0.011631891479373473,0.4973753095618788,-0.005822994771079958,0.007631789629865872,0.0036939561029640873,0.003662768519337445,23.125
0.0023874894511566056,0.010099923826733219,0.49686928756865123,-0.005947351650591801,0.0073676676089444336,0.004727514481935766,0.004681320421093704,23.25
0.0028239024682380318,0.008428630896566742,0.4960241058742909,-0.005241027865918235,0.006970827713100443,0.005642124679428921,0.005577256563389255,23.375
0.0031519751634254815,0.006720405415590091,0.49482173784570926,-0.0035881552014505715,0.006450072762645817,0.006352197651556461,0.006265376251009758,23.5
0.003339564908086293,0.005072546362644515,0.4932637233738466,-0.0009697678923518041,0.005821739335866874,0.006792245888432565,0.0066806379947209615,23.625
0.003368273740415391,0.0035679769433791426,0.4913758504606345,0.0025231881011677296,0.0051081692994757524,0.006923294435877475,0.0067844794332955205,23.75
0.0032352436426711815,0.002269044575468129,0.48921049396725025,0.006688602005349379,0.0043365269047748204,0.006736674634619837,0.006568621941970165,23.875
0.0029534132852241193,0.0012146303038125133,0.4868458496619965,0.011224473727497236,0.0035378718545573257,0.006254811903712281,0.006055964697913141,24.0
0.0025502098014384225,0.0004207451798276768,0.48438211311418145,0.015752146549658046,0.0027464743400747635,0.005528920082431762,0.005298427527004934,24.125
0.002064806437455235,0.0,0.4819349927026855,0.01984960190839192,0.0019996766269417417,0.004633827675658665,0.004371889150968755,24.25
0.0015442209176310517,0.0,0.4796271491473416,0.0230917612125735,0.0013397340235265333,0.003660453656828323,0.003368666207465676,24.375
0.0010386454536217668,0.0,0.47757830291118264,0.02509386982967853,0.0008229877120384228,0.0027066917351908364,0.0023882563948097735,24.5
0.0005964757093444028,0.0,0.47589485151454874,0.025553558854861238,0.0005402954227327441,0.001867626145610258,0.001527286831604635,24.625
0.0002595352504653876,0.0005223528251998525,0.4746598817507917,0.024287148936129488,0.0005193218657276812,0.0012260711526491835,0.0008697279251814738,24.75
5.8971293870554784e-05,0.0010022298329830596,0.47392443971611387,0.02125619062258856,0.0005587975459618619,0.0008443925215428782,0.00047842647034257446,24.875
1.2229264993901787e-05,0.0009957207712130943,0.4737008412657189,0.016581091625753348,0.0005090818246664978,0.000758435547322289,0.000388871882403663,25.0
0.00012140476412183684,0.0004564277893069322,0.47395869349817116,0.010539883205966825,0.00034874768183298097,0.0009741651160132242,0.000605852540776719,25.125
0.00037313299907559973,0.0,0.4746241990111919,0.0035516090372472884,0.0002751723261651065,0.0014673423252944756,0.0011033225543043423,25.25
0.0007400214121887002,0.0,0.4755832736180296,-0.0038546603761036935,0.0006471105403708268,0.002186249563164953,0.0018274333942296384,25.375
0.0011834765131419648,9.793258625057932e-05,0.4766890193067999,-0.011082728091458056,0.0012250824517396472,0.00305716471001645,0.0027023420182534785,25.5
0.0016576363225575094,0.0005307768192110229,0.47777401594615587,-0.017520379495090083,0.0019099809082712856,0.003992007595757374,0.0036381303404627863,25.625
0.0021140093874962304,0.0011386679746937499,0.478667390051395,-0.02259408355629972,0.0026631837999811473,0.004897366011361513,0.004539986491139847,25.75
0.002506351269365171,0.0019484852316572106,0.47921530860987493,-0.02582219431052105,0.003452595001037086,0.005683975481013078,0.005317714083956315,25.875
0.0027952869267082224,0.0029760186564827484,0.4793015650285182,-0.026861571517500005,0.004247533325477168,0.00627568891005694,0.005894644488245615,26.0
0.0029522148575479696,0.004217593447028543,0.4788634683642564,-0.02554304514936634,0.005018231463939194,0.006617031723603485,0.006215113449767107,26.125
0.0029621034419482894,0.0056451430761505555,0.4778989495572782,-0.021892107699045406,0.005736027064688646,0.006678588328186459,0.006249810710641346,26.25
0.0028249039184145078,0.007204395605101499,0.4764638151648773,-0.01613254480889771,0.006373848780255418,0.006459691069659776,0.0059985061911537185,26.375
0.002555445971014936,0.008816687879245874,0.4746613707322619,-0.008672284672612834,0.006907111253828476,0.005988160478489922,0.005489889136181869,26.5
0.0021818363128037832,0.010384820603444467,0.47262805414152076,-7.241057868100521e-05,0.007315191770855256,0.005317147573453682,0.004778518269492049,26.625
0.0017425319317097344,0.011802981846916506,0.4705181240643081,0.008998122223479994,0.007583594836091919,0.004519424689745655,0.003939157857978937,26.75
0.0012823923072449355,0.012970264619788284,0.46848915294962074,0.017818150975806465,0.0077068036221523365,0.0036797303668520904,0.0030590448992144914,26.875
0.0008481155375453203,0.013806786297458429,0.46668913395622935,0.025675422838608016,0.007691699438009826,0.0028859693587372864,0.0022288662006202387,27.0
0.0004835219987189389,0.014270861911140015,0.465245618679537,0.03192768426711157,0.007561264692581905,0.0022201801258540563,0.0015333863069487697,27.125
0.00022516051670232689,0.014374779965606611,0.46425719768302415,0.036058224716061585,0.007357889954413109,0.0017501976522221942,0.001042727174436875,27.25
9.867548230661396e-05,0.01419474655294547,0.46378756349480765,0.03772084239192474,0.007144595362105148,0.0015228577550257872,0.0008052397450725168,27.375
0.00011629323791573362,0.013867023079562023,0.46386225402640496,0.03677015882584822,0.007000608647092309,0.0015594198841113421,0.0008427274338776991,27.5
0.00027567096909173004,0.01356038326467059,0.46446798053750504,0.033274548670060404,0.007006628212431397,0.0018536480056375506,0.001148504955240437,27.625
0.0005602131644867115,0.013425298820226693,0.4655542660478806,0.027510540706220058,0.007220042651367504,0.0023727101793500193,0.0016884438552314807,27.75
0.0009408134725930169,0.013546056876529555,0.46703702475084813,0.01993923233031676,0.007653076918514768,0.003060767461874841,0.0024048185791832877,27.875
0.00137883814904683,0.013930834378387548,0.46880373897056365,0.011166883167206619,0.008271084650063676,0.0038448525002777586,0.0032224716269202425,28.0
0.0018300452550438179,0.014539987987809014,0.47072004167615894,0.0018932620579949525,0.009010718772890768,0.004642414989524448,0.004056598758798491,28.125
0.002249043156333105,0.015320676138204382,0.4726377603085303,-0.007147611407284458,0.009801602391182152,0.005369755961026534,0.004821332416945157,28.25
0.002593841404857313,0.01622561988699352,0.47440475187334363,-0.015249058524212282,0.010579981770193056,0.005950498706857521,0.005438272461398386,28.375
0.0028300412939713565,0.01721596694726749,0.47587700091143476,-0.021790248246201162,0.01129397197102326,0.0063232551329749295,0.005844163557642501,28.5
0.0029342524717123797,0.018256373900764396,0.4769331495755309,-0.026286547419701864,0.011904147594927587,0.006447738584475479,0.005997028394303494,28.625
0.0028964015655582685,0.019308789874169226,0.4774904872343756,-0.028427440155481674,0.012382483276621612,0.006308736346070069,0.005880217439282243,28.75
0.0027207105806512505,0.020328447510662727,0.4775194365039472,-0.028098912417907462,0.012711228768650346,0.005917570315500284,0.005504017260578364,28.875
0.002425255446096257,0.021263694767746217,0.4770518297141262,-0.02538862866057654,0.012882441259809982,0.005310921833389891,0.004904664160548355,29.0
0.0020401552463382073,0.02206021503506714,0.4761787728736453,-0.020573785823141365,0.0128984451677742,0.004547153176433172,0.0041408330169254715,29.125
0.0016045765696497383,0.02266933671075755,0.47503744922431435,-0.014093072839970697,0.01277317472323929,0.003700500011833218,0.0032879036575421683,29.25
0.001162852069865228,0.023059223533481926,0.4737906603952879,-0.006505551102735635,0.012534024516255897,0.002853713646031272,0.002430531519624135,29.375
0.0007600969104735019,0.023226620301276306,0.4726049815464559,0.001559621272599012,0.01222339605994353,0.0020898798074208856,0.0016542399789214457,29.5
0.0004377534419240532,0.02320542578198976,0.4716322598879466,0.009457968364042104,0.011898521892815808,0.001484217593846166,0.0010368786480399184,29.625
0.00022949920312147928,0.02306697125344909,0.4709966016630655,0.016584034094810962,0.011627494685821518,0.001096660397852426,0.0006408286356861526,29.75
0.00015791612584117548,0.022907002380200204,0.470786892011996,0.022420500673548505,0.01147946251343987,0.0009659402132541921,0.0005067676284992162,29.875
0.00023224356524690577,0.022819012065119156,0.4710538768789588,0.026577910641063993,0.011509180543123922,0.0011057458966802279,0.0006496379609011171,30.0
0.00044743193881999373,0.022863644788564477,0.4718106111856593,0.02882178521337877,0.01174099442856934,0.0015033203109804767,0.0010572120438997468,30.125
0.0007845875754374872,0.023051354958584656,0.47303522426597927,0.02908517155908819,0.01216088438773634,0.0021206220513753983,0.0016913589530405115,30.25
0.0012127649421440232,0.02334846571712566,0.4746752230988406,0.027466038860419234,0.012721510629814102,0.0028979290493353414,0.002491827141637204,30.375
0.0016919325857407865,0.02369955341015051,0.4766528300064457,0.024210343392693713,0.013356456483761926,0.0037595285024292647,0.0033821106436736637,30.5
0.0021768262394875255,0.02405046572320409,0.47887106676565944,0.01968286461941029,0.013995476730036885,0.004620942416147671,0.004276786587422143,30.625
0.0026213174061771962,0.02436194499725875,0.48122040616912093,0.014328960883443763,0.014575363974442045,0.005396998119539405,0.005089610663617905,30.75
0.0029828763985510222,0.02461294969319312,0.4835858013238876,0.008631113876761305,0.015045622826428528,0.006009979664117235,0.005741629377333468,30.875
0.003226699980127121,0.02479728782108415,0.4858538037328481,0.0030644683494596915,0.015370439335398207,0.006397093767220079,0.006168599283337239,31.0
0.003329106105364205,0.024917513365348885,0.4879193687165643,-0.0019444918031415479,0.01552864765589391,0.006516551133323114,0.006327078224059868,31.125
0.003279868587579102,0.024978961257476322,0.489691935470316,-0.006052440243884014,0.015512898088763334,0.006351693273809844,0.0061986610240156725,31.25
0.003083265907626011,0.02498572762351531,0.4911006065754066,-0.009023968268208235,0.015328740482049547,0.0059127743327822445,0.005791968668826364,31.375
0.002757741045968156,0.024939582808966652,0.4920988802053419,-0.01074473034135774,0.014993980435827933,0.005236221420082583,0.005142167379775575,31.5
0.0023342014425075937,0.024842043465048133,0.4926703019481676,-0.011222275520912081,0.014538364725408651,0.004381427446703426,0.004307993230247553,31.625
0.0018531174923760833,0.024698934990386546,0.49283658066135544,-0.0105750770535417,0.014003312296784925,0.003425357886248681,0.003366482983803487,31.75
0.0013606923372478734,0.024525634432305685,0.4926668303595697,-0.00901140265932408,0.013440969178542546,0.0024554574560921526,0.0024058452507713657,31.875
0.0009044644890771659,0.024349920035099185,0.4922802158935352,-0.006800610872905833,0.012911368527456725,0.00156150565100435,0.001517119373976139,32.0
0.0005287599336596931,0.024208635326181217,0.49183211601817783,-0.004240126899940244,0.012476229129963694,0.0008271757107496569,0.0007854285808843731,32.125
0.00027042657490627037,0.02413577816546588,0.49148461064637916,-0.0016216834586837952,0.012188687102083122,0.0003220885066383104,0.00028170755506784495,32.25
0.00015525961537318038,0.024144700074843997,0.4913751566364822,0.0007996206156358326,0.012080781836611829,9.511595815561708e-05,5.575373904420644e-05,32.375
0.00019546358127038506,0.0242138631021007,0.4915957669168132,0.002830282540795701,0.012153816862740424,0.00016957962358520924,0.00013131562425539034,32.5
0.0003884006571276633,0.024286780002534772,0.4921841574911688,0.004354925091494017,0.012377165493337899,0.0005408181786696584,0.0005037091184275644,32.625
0.0007167543042216764,0.02428795513301128,0.4931220697369434,0.005342891703819567,0.012696518482085183,0.001176378135363188,0.0011401789483794778,32.75
0.0011501027856721472,0.02414569823737422,0.4943362161944229,0.00584450233601821,0.013046932440570324,0.002018835910636676,0.0019829368083157384,32.875
0.001647761780296516,0.023810478947987643,0.4956999690530484,0.005977694042607453,0.013364800137039196,0.0029910097000721584,0.0029545491994310558,33.0
0.002162631703792958,0.023263382986976732,0.49703787047766873,0.005906813342558043,0.013595720636551279,0.004003090333743085,0.003965142148361411,33.125
0.0026456858714109825,0.022515434335723988,0.4981416902326529,0.005816175894462954,0.013698304778329975,0.004961033326352443,0.004920749370988964,33.25
0.003050670374621422,0.021601153110277726,0.49881104923372904,0.005881573276852398,0.013645246699397151,0.005775427623677352,0.005732054390468533,33.375
0.0033385624097416345,0.020569679529882597,0.4989128359233033,0.006243126676700986,0.01342298231723397,0.006370002389001642,0.006322757901736198,33.5
0.003481353789452328,0.019475924212775785,0.49841647091447994,0.006982738659679694,0.013030840390302313,0.006688957549110309,0.006636831379078223,33.625
0.003464788940326586,0.018373400731399304,0.4973770119778364,0.008108890968407738,0.012480211758086687,0.006702405464211552,0.006643993157107397,33.75
0.0032897860844714175,0.017309795538614586,0.49589637259642894,0.009550729884508304,0.011793995372028198,0.006409382032102523,0.006342866327446961,33.875
0.0029723968991011047,0.016325796702974644,0.49409691460853317,0.011162354232344539,0.011006371722966852,0.005838111122866676,0.00576145310598597,34.0
0.0025423014275559688,0.01545702979935522,0.49210999476055295,0.012737081590134015,0.010162711641718527,0.005043466439377796,0.004954788020388734,34.125
0.0020399775572935456,0.014737847795527847,0.49007029111656264,0.014030334921548872,0.009319011373311578,0.00410184560944497,0.003999901733003686,34.25
0.0015128140474631846,0.014203865473175818,0.48811029239730014,0.014788784867848915,0.008539477703623713,0.003103926384684873,0.0029885139705987385,34.375
0.0010105403072843365,0.013887756079445326,0.48635339997346816,0.01478261041901915,0.007889864986318811,0.0021459887108826827,0.002018141056244427,34.5
0.0005804146643533076,0.013802702361133755,0.48490581752542034,0.013837288461366852,0.007424236968627134,0.0013206365576083775,0.0011825086876435797,34.625
0.00026263897267774986,0.013916229306772889,0.4838478962417533,0.011861244771810935,0.007167068340210463,0.000707823128285996,0.0005622665382721825,34.75
8.644824797156403e-05,0.014133607769343949,0.48322572884472503,0.008866012157438546,0.007100825655771916,0.00036706354017207487,0.00021698538535619427,34.875
6.726101340077867e-05,0.014312764014344066,0.4830438957339099,0.004976222716398418,0.007170453425474786,0.00033161061766373584,0.00017927861029432002,35.0
0.00020517476831553578,0.014306148969519329,0.4832604982782248,0.0004277493184171817,0.007302799343620444,0.0006051817649516672,0.0004516489483842312,35.125
0.0004849607903630463,0.014001663360742371,0.48378602310712254,-0.004446487493039065,0.007427149135929869,0.0011615761187504646,0.0010063560921452774,35.25
0.0008775656539651767,0.013343441950774245,0.4844880653906205,-0.009242235537551253,0.007487210772117407,0.0019472359513054585,0.00178827637563983,35.375
0.0013429776503171714,0.012332955704025036,0.485203965111177,-0.013519080093925634,0.007444561335778938,0.002886513154717449,0.002720424606510563,35.5
0.001834179560664487,0.011018805155287408,0.4857618666118668,-0.016841906861946233,0.0072774187152886225,0.003889130006871354,0.003711561401726904,35.625
0.002301798949972488,0.009482089230449747,0.486006866299766,-0.018824697964916138,0.006977795662426225,0.004859100708266434,0.004665133882920336,35.75
0.0026989949328888913,0.00782117673809349,0.48582467733064755,-0.01917227908010225,0.006548543984648002,0.005704229078229802,0.005488697108956719,35.875
0.0029860941463420968,0.006137822077281288,0.48515512459665644,-0.0177156517117768,0.006000858385670432,0.006345234106518538,0.006102934193679133,36.0
0.0031345117216615413,0.004525683317845877,0.4839933032917265,-0.01443701089042364,0.005352386677742045,0.006723586201423875,0.006449429048613453,36.125
0.003129563518324657,0.0030618590166254047,0.4823823651218459,-0.009481431790509478,0.00462590677498458,0.006807261162655657,0.006496443960367748,36.25
0.0029718868105694718,0.0018017816674139534,0.48040341490682786,-0.003153431328948802,0.0038484417531817077,0.0065938249531604905,0.006242114436045054,36.375
0.00267732676575957,0.0007776149345338732,0.47816565112770887,0.004101942762662006,0.0030506751811100593,0.006110530637847305,0.005714695059006236,36.5
0.002275300988967932,3.930774692309953e-07,0.47579728753880113,0.011732314499276248,0.0022666933962630724,0.005411412718223079,0.0049697651827324,36.625
0.0018058081704482873,0.0,0.4734366956925375,0.01912283695830278,0.0015348623959040146,0.004571672407484542,0.0040846134037890724,36.75
0.001315383696294883,0.0,0.47122327637037753,0.02564883374991788,0.0009047827860071735,0.003679927753790101,0.0031503329579416484,36.875
0.0008524109779706712,0.0,0.4692880308719119,0.030731473632785004,0.00048140889940609627,0.0028291246125820404,0.0022624345006792,37.0
0.0004622616238497899,1.3476100865383504e-05,0.4677442225404736,0.03389129534686565,0.00046685169372559786,0.0021070440156520263,0.001510974420019906,37.125
0.00018275398938581074,0.0009120291291182732,0.4666787632486723,0.03479446899306887,0.0006366252699562328,0.001587382797712606,0.000971270554146364,37.25
4.038666410837041e-05,0.0013559993464477465,0.46614503011550895,0.03328725111323312,0.0007165663189358202,0.0013223228136589058,0.000696215950337975,37.375
4.772451009517141e-05,0.0012003608693556495,0.4661577532234205,0.029415114156449478,0.000646539242600991,0.001337346466860836,0.000711011551913332,37.5
0.00020219799215885498,0.000439155202502358,0.46669046373140405,0.023424412083528943,0.0004204740890275321,0.0016288200519389649,0.0010108497516896353,37.625
0.00048643350312458196,0.0,0.4676758075883691,0.01574605114009807,0.00011428519924593364,0.002164577458277641,0.0015617377799286292,37.75
0.0008700775662115498,0.0,0.46900886851201273,0.006962315116357803,0.0005107070514511986,0.0028874261740077173,0.0023043034294529807,37.875
0.0013129268060297127,0.0,0.4705535520982648,-0.002240414461859122,0.0011347389656567427,0.0037211979512030394,0.003160120395522048,38.0
0.0017690436894383132,0.00018548016745752183,0.4721520711145641,-0.01112895344418777,0.001847543060941973,0.004578708561987024,0.004039857484913312,38.125
0.002191438694726249,0.0008897361575741655,0.4736375689013097,-0.018985559211586508,0.002615731897899862,0.0053708004154027185,0.00485240942123033,38.25
0.002536842928712483,0.001797073925434617,0.47484972081770044,-0.02516954883610435,0.003408248633156209,0.006015536609751243,0.00551410686571463,38.375
0.0027700871444109733,0.002916573356987878,0.4756524629533627,-0.02917272693951953,0.004195016962296073,0.006446604856918218,0.005957121096666906,38.5
0.0028676444085681528,0.004237120134791284,0.4759516771230299,-0.030663590547510514,0.004947285245463823,0.006620074784541379,0.006136263980238699,38.625
0.002819980059225102,0.005723463806917968,0.4757092108448235,-0.02951628374956812,0.005637986067042809,0.006518823561611295,0.006033528172954328,38.75
0.0026324750597054164,0.00731505793185068,0.4749492664146783,-0.02582166093703183,0.006242169284879174,0.006154185391035023,0.005659910371436538,38.875
0.002324834660946946,0.00892848509727002,0.47375493908735694,-0.01987945370895962,0.006737771016297212,0.005564666132563886,0.005054305809574888,39.0
0.0019290483301409407,0.010464008513663475,0.47225586354801874,-0.012172268131266963,0.0071069773973375895,0.004811866341249585,0.004279543470080305,39.125
0.001486113341312448,0.011816302647812544,0.47061050027384393,-0.0033238006890673696,0.007338352435800628,0.003974043337511726,0.0034159272731382195,39.25
0.0010418583578519064,0.012888835625529511,0.46898715681585706,0.005954905821973321,0.007429770109205363,0.0031379855105021486,0.0025529269144722866,39.375
0.0006422923536262049,0.013610789907077776,0.46754677465734895,0.014926277653064837,0.007392041190523833,0.0023900440674959876,0.0017798845669274588,39.5
0.00032894961816798613,0.013954749948782872,0.46642905692194514,0.022888606395758872,0.007252889299002885,0.0018072503245721823,0.0011767330809198118,39.625
0.00013469924013433262,0.013952186175449098,0.4657424628977143,0.029234453901319495,0.007060350676687724,0.0014494315913625385,0.000805731346900096,39.75
8.043805364369591e-05,0.013701091159618699,0.46555804308048415,0.033499933720878554,0.006883272195111274,0.001353127839253045,0.000705105741668377,39.875
0.00017299499386065308,0.013355985018213164,0.4659068206858102,0.03540064955958046,0.006804376009610672,0.0015279176373101354,0.0008852582488675376,40.0
0.00040445163402187554,0.013090766945889192,0.4667802656953711,0.03485136125574055,0.006901304456325718,0.001955507393342742,0.0013278970732643058,40.125
0.0007529409434445249,0.013042229535607772,0.4681332962550588,0.03196798611600458,0.007219532138676785,0.0025916511415634653,0.0019881115514736036,40.25
0.001184838439661728,0.013269791826922847,0.46988918895779413,0.027052176740079984,0.007754727940760321,0.003370680048197338,0.002799098192943328,40.375
0.0016581216537062942,0.013760833444497765,0.47194579972574513,0.0205602895146663,0.008458937383934896,0.004212161309384865,0.0036789876218863427,40.5
0.0021265589196394425,0.01446635573278513,0.4741825868881846,0.013059924538377041,0.009262558730457473,0.005029000733913282,0.004539045884742077,40.625
0.002544308150058055,0.01533248335188123,0.4764680695573601,0.005178255907808218,0.010094464533567318,0.005736170563852255,0.005292433510402428,40.75
0.0028704681596858224,0.016313615113289513,0.4786675388486476,-0.0024530060256865212,0.010892786349061061,0.00625919444046328,0.005862694122474088,40.875
0.0030731326417271147,0.01737205759432136,0.48065108072064044,-0.009251018044249406,0.011608433167274165,0.006541556886972767,0.00619119732814144,41.0
0.003132548795202288,0.01847234351466347,0.4823022709270191,-0.01472887256439656,0.012205143032361481,0.006550319275719991,0.0062428647178289776,41.125
0.0030430732628040844,0.01957552352370437,0.48352814568952307,-0.018532355796778317,0.012658462971328159,0.006279405443836466,0.00600965466887482,41.25
0.002813738006819538,0.020636077545067025,0.48427081193341437,-0.0204634887566088,0.012954796073291194,0.005750249841139328,0.0055114672109332075,41.375
0.0024673759105542244,0.021602648840810288,0.4845196441887915,-0.020489249987212556,0.013091017418985242,0.005009757563707079,0.0047943510471401,41.5
0.002038396668891145,0.022422920687845835,0.484320306777436,-0.018735293895084614,0.013074835893038607,0.004125784997028618,0.0039261423919686456,41.625
0.0015694342001859069,0.023052162520963045,0.4837748058796387,-0.015465869079003242,0.012925816945420358,0.00318058775737516,0.002989921585262567,41.75
0.0011071949986583402,0.02346403365825071,0.4830288163448802,-0.011052377437564119,0.012676657963051584,0.0022628768655505315,0.0020759105691235957,41.875
0.0006979123955968333,0.02366108731591584,0.48224880081885224,-0.005933984159961658,0.012373857701535347,0.0014592557747161073,0.0012726182425778498,42.0
0.0003828478577974957,0.02368111023809471,0.4815966439948084,-0.000574305769413275,0.01207634368737142,0.0008458672972760263,0.000658139392766599,42.125
0.00019427409591417523,0.023594525311877203,0.4812091622501241,0.0045815828860949785,0.01185017540160702,0.0004810549536568784,0.00029250484035248103,42.25
0.00015232688937816854,0.023489284033639465,0.4811856462780663,0.009145781279097338,0.011757973237284716,0.00039974061532444287,0.00021186213836354995,42.375
0.00026302790117593795,0.02344528071417749,0.4815828451205118,0.01281837764045786,0.011844395351757332,0.0006100502027842477,0.00042505407749271473,42.5
0.0005176675660055794,0.02350910238890298,0.4824152998851522,0.015407886991952557,0.01212320773206834,0.00109249936724709,0.0009128899061350282,42.625
0.0008936062169213648,0.02368336688220339,0.4836590206396592,0.01683987418840242,0.012573039917102923,0.0018018040391933482,0.0016301137537021448,42.75
0.0013564154458793004,0.023935787678465416,0.4852571085030972,0.017153545655792073,0.013144216021242588,0.002671131118704725,0.0025098070387129523,42.875
0.0018631533169426275,0.024219355769222392,0.4871264927136259,0.01648729528670033,0.013772076501560567,0.0036183765330306517,0.0034697469463100816,43.0
0.0023664587043886257,0.02449079271710657,0.48916531058250995,0.015055252518895891,0.014390037379108978,0.004553872212562873,0.00442009615703598,43.125
0.002819072128576531,0.024720413605456498,0.4912605948255958,0.013117703035678743,0.014938616286804365,0.005388796255073767,0.005271719860508117,43.25
0.003178350354137186,0.02489358285267357,0.49329588463907464,0.010948760477583551,0.015370189772593712,0.0060435013976142685,0.005944404815349191,43.375
0.0034103434666047116,0.0250070366383907,0.49515821209359223,0.008804819586473061,0.015650813465015602,0.006454989514101844,0.0063742798092674136,43.5
0.0034930457275372476,0.02506340957423922,0.4967437549345628,0.006897112399525906,0.015760488852061137,0.0065828414954400925,0.006519799400148907,43.625
0.0034185109379596262,0.025066390599303028,0.49796157760675164,0.0053711491227513885,0.015692829865258055,0.0064130546224678625,0.006365752480884002,43.75
0.0031936314397424696,0.025018026545729252,0.49873608367429517,0.004295015558249142,0.015454668606423904,0.005959430664503811,0.0059248981845467785,43.875
0.0028395068093074547,0.024918915833670143,0.49901263378994,0.0036575050921692645,0.015065821734890666,0.005262381084178513,0.00523701765512441,44.0
0.0023894617028289195,0.024771252580726547,0.4987765818101655,0.0033759871553634803,0.014558954087547257,0.0043852518102677224,0.00436539747376119,44.125
0.0018858997352954982,0.02458374214683419,0.49808898100327825,0.0033128639550892773,0.013979146136036524,0.0034084984843310018,0.003391013120387365,44.25
0.0013762900393908242,0.024376264563505293,0.49710523373839777,0.0032985479317271184,0.013382351039645725,0.0024222434946350796,0.00240493019997845,44.375
0.000908665205080033,0.024181009861979873,0.4960353428984413,0.0031581954004398743,0.012831488416411133,0.0015178997207843982,0.001499650770571792,44.5
0.0005270562112111581,0.024036504075376986,0.49507599019601006,0.0027390273574545575,0.012388862067173262,0.0007796377853544861,0.0007602662488783718,44.625
0.0002672973402952092,0.023973212863784787,0.4943684383370799,0.001934998322004381,0.012104747467778338,0.0002764940420826751,0.00025631154552929747,44.75
0.00015360102055886346,0.0239953236973338,0.49398576977067404,0.000705847750706382,0.012004902735148959,5.586247760904271e-05,3.5139425083485776e-05,44.875
0.0001962317373444794,0.02406945003941053,0.4939310052254049,-0.0009118387529233746,0.012082715185856355,0.00013898926677042187,0.00011746169488380254,45.0
0.0003905057176948882,0.024129549211472465,0.49413826758471846,-0.002803076497666572,0.01230081703305275,0.0005189049410654991,0.0004954635898773985,45.125
0.0007172181458148228,0.024096553789772216,0.4944814033041532,-0.004782923045845814,0.012601447473375429,0.0011610028708814344,0.0011336273818265408,45.25
0.0011444636935291352,0.023901582697421212,0.49479911822173833,-0.006614294953743362,0.012919880497731188,0.0020062250915227112,0.001972137906116056,45.375
0.0016306819645192385,0.02350214647250949,0.49493557010289196,-0.00803347747241647,0.013195408020841496,0.0029765704960392444,0.0029325145454160984,45.5
0.002128640080010936,0.02288774318393587,0.49477520315653317,-0.00878073527758344,0.013377794820998762,0.003982419070760129,0.003924936486432107,45.625
0.0025899719597106898,0.022076827628644602,0.4942520050211428,-0.008632776148696697,0.01342988286729296,0.004930989900254265,0.004856603975239793,45.75
0.0029698373872953016,0.021108904473508366,0.4933398097183927,-0.007433492104448981,0.013327892288836768,0.005735136908659693,0.005640404064943261,45.875
0.0032312497537949117,0.020035054516911895,0.4920413676076636,-0.005119446686104636,0.013060737808912535,0.006321646160600533,0.006203120809687546,46.0
0.0033486512640573253,0.018909255751720585,0.4903832509796709,-0.0017369982728185924,0.012629201748575875,0.006638236953247049,0.00649244743395283,46.125
0.003310385805258381,0.01778205662247702,0.4884145044267927,0.0025512867384437673,0.012045412461617803,0.006658583992133325,0.006482128077683114,46.25
0.003119825749003477,0.016697537595290385,0.4862056986871077,0.007472240036769654,0.011332801135951743,0.006384860461046582,0.006174688063441014,46.375
0.0027950393667030278,0.015693895236816944,0.4838465967743718,0.01265981670888766,0.01052648717855401,0.005847535980737797,0.005601409094947107,46.5
0.002367027536086149,0.0148071890074882,0.48144193651983813,0.017683777428262867,0.009673769844148604,0.005102427829959808,0.004819463072899821,46.625
0.0018766981117772435,0.014076448346843008,0.4791054748143171,0.02208697906086387,0.008833896482509263,0.004225272992660296,0.003906413839859124,46.75
0.0013708701755414656,0.013545997328750637,0.4769526893456236,0.025427937397987984,0.008075285187641263,0.0033043358373415696,0.0029525941613910422,46.875
0.0008976962670503351,0.01325793247010247,0.47509261394664837,0.02732464299301719,0.007467081181813755,0.002431765925341335,0.002052121454925837,47.0
0.0005019493287984286,0.01322854310071833,0.47361931031603194,0.02749531013463776,0.007062460890165472,0.0016945514438048241,0.0012934879503928576,47.125
0.00022063651144644582,0.013415659863647188,0.4726035075585015,0.025791861426001154,0.00687773140289797,0.0011659613637628782,0.000750719039775416,47.25
7.937242032138402e-05,0.013704610181315144,0.4720849932386302,0.022222496049283835,0.006881571185530604,0.0008983277897689124,0.0004760277853477213,47.375
8.987217116100408e-05,0.013935092644874894,0.47206641650563047,0.016960616608714733,0.007005956652835045,0.0009178922659120118,0.0004947160360662117,47.5
0.0002488163146729598,0.013952586661124415,0.4725092549565711,0.010338617571198604,0.007170809160037548,0.0012222383786387625,0.0008028141287624857,47.625
0.0005382053849841074,0.01364927201545299,0.4733327913939228,0.0028264550791374013,0.007304902187780739,0.0017805776797317544,0.0013676522414977077,47.75
0.0009271744108769178,0.012979579681397242,0.47441702591511076,-0.00500360917122754,0.007355485194419407,0.002536872023604901,0.002131257722515767,47.875
0.0013750917392591122,0.011956430216806731,0.47561044667134145,-0.012523312045823519,0.007289426617946426,0.0034154910961882176,0.0030162063896252977,48.0
0.0018356366320546864,0.01063815910317218,0.47674330249329927,-0.019101802607005638,0.007090568725401229,0.004328847352154109,0.003933341651034206,48.125
0.002261449812294177,0.009112500562569405,0.47764611106438554,-0.02416141265056471,0.006756124952462268,0.005186247607104641,0.0047906215817205,48.25
0.00260889104857914,0.007480770474925841,0.47817134225311836,-0.027230652584623604,0.006293309702341583,0.00590307180220632,0.005502261771394346,48.375
0.002842424749485645,0.005843848225289099,0.47821402382606093,-0.02798940828929324,0.005716608454502103,0.0064093490812512895,0.0059973105870292365,48.5
0.0029381901662003944,0.00429092626479359,0.47772599964660123,-0.026301910105636563,0.005045783200252633,0.0066568547488990906,0.006226825650191392,48.625
0.0028863939719810114,0.0028916385124236445,0.4767202345264433,-0.02223408412749918,0.0043045532993733855,0.006623995495868663,0.0061689212465646515,48.75
0.0026922815447393183,0.0016918358352183067,0.4752652881891012,-0.01605328714585334,0.0035197803966474086,0.0063179715249776485,0.005831130708653487,48.875
0.0023755871354511,0.0007129237595988491,0.4734732293666932,-0.008210040914748468,0.0027209137329976757,0.005773981557800241,0.005249773646377021,49.0
0.0019685174941585165,0.0,0.47148494403176466,0.0006969346102627032,0.0019394673455643923,0.005051542084351881,0.0044863207143419626,49.125
0.0015124725282518467,0.0,0.4694555441376779,0.009969501292990157,0.0012085691070830291,0.004228293466660169,0.0036210787067090244,49.25
0.0010538349744680456,0.0,0.4675410384359738,0.018868472020255263,0.0005648222220788908,0.003391930177871705,0.0027448337935224165,49.375
0.0006392557246719924,0.0,0.4658865459250474,0.026676395996781246,0.0001410444192606047,0.002631091225501261,0.0019493430794217392,49.5
0.00031091280890079763,0.00023772323121836443,0.46461612388167306,0.032759120643466394,0.0004273193583362783,0.002026157522254732,0.0013177124166089405,49.625
0.00010222490198283207,0.0011402550097855159,0.46382438694020517,0.03662055640545351,0.0006701454684130828,0.0016409131724142577,0.0009157154798243861,49.75
3.445433438676986e-05,0.001440216843872142,0.4635702200329092,0.037945664155233164,0.0007527834858562032,0.001515936353297169,0.0007849922889282546,49.875
0.00011454456239536507,0.0011111143082846648,0.4638729110018559,0.03662775010907069,0.0006685374232033354,0.0016644030615361465,0.0009388348321590634,50.0
0.0003344119676460944,0.00019712806582848988,0.46471093591759954,0.03277758781997257,0.0004308770070562256,0.0020707338627443156,0.0013609616794765245,50.125
0.000671764321658961,0.0,0.46602346258590815,0.02671355335854267,0.00019712215802156205,0.0026922175563490374,0.002007349263244973,50.25
0.0010923632056623752,0.0,0.4677144512776845,0.0189336991830543,0.0006014688537826593,0.0034634378983073523,0.0028108694079552743,50.375
0.001553500889176677,0.0,0.4696590821514892,0.010072339642878167,0.0012355282262752532,0.004303042085024699,0.0036882144983853005,50.5
0.002008338642117046,0.0,0.47171217295339635,0.0008451217074993088,0.001959226648581451,0.0051221514856616785,0.004548392712495075,50.625
0.0024106658588887164,0.0006883460376078778,0.4737182955898525,-0.008012421621924627,0.0027329407285852044,0.005833549419624894,0.005301952224355477,50.75
0.002719596752879538,0.0016619566661828014,0.4755234370923509,-0.015807285091121823,0.003523327411218261,0.0063607034326562005,0.005870043286639759,50.875
0.002903728062814998,0.002855584064453589,0.4769881565143321,-0.021946788349398057,0.0042992615580794225,0.0066456975532169955,0.006192446346157121,51.0
0.0029443365285268088,0.0042488356863914665,0.47800198568989366,-0.025986658963879312,0.005031834484167515,0.006655261541287157,0.006233780402975508,51.125
0.0028372930013442453,0.005797505797009209,0.47849795247036825,-0.027665259171672618,0.005694709575692238,0.0063842781451457446,0.005987258142238661,51.25
0.002593500788620172,0.007433312702511811,0.47846456211363697,-0.026921145715322774,0.006264585203420689,0.005856406889635525,0.005475571270202151,51.375
0.002237815677845713,0.009067307349389596,0.47795128867239056,-0.02389272938776332,0.0067219563608145886,0.005121758330280563,0.004748762569388054,51.5
0.0018065586293412883,0.01059738035094451,0.4770642523621873,-0.01890047103334147,0.0070524259690136065,0.0042518559313646205,0.0038792507802755116,51.625
0.0013438737948823312,0.011919807719592966,0.4759518887268003,-0.012413652815991183,0.007248752510904324,0.0033324023818035466,0.0029544882730802025,51.75
0.0008972999778466741,0.012944186489522518,0.47478419792719195,-0.005005143324323256,0.0073136938015631,0.002454593419536382,0.002068008095948093,51.875
0.0005130015043117366,0.013610482060155117,0.4737308966620897,0.0027013967791881814,0.007263522112442542,0.0017058708461200726,0.0013098137312456126,52.0
0.00023113709038972196,0.013906097916624135,0.4729428002869997,0.010086840011766908,0.0071317383724033186,0.0011610611503092214,0.0007571477604623178,52.125
8.182977157798806e-05,0.013879288197177765,0.47253854462682493,0.01658933077416969,0.006971693480364108,0.0008748015094620016,0.0004666287067618402,52.25
8.213913959161849e-05,0.013642108846246443,0.4725969262952495,0.02174972247391557,0.006855157684171466,0.0008760164061804655,0.0004685751933387605,52.375
0.0002343355255362342,0.013352883932864303,0.4731542005770037,0.02524583890059829,0.006862106123123326,0.0011649918620187819,0.0007640716493199085,52.5
0.0005256447765656893,0.013173091379830871,0.47420537538775737,0.02691287143943843,0.007059264362789644,0.0017133247689455936,0.001325013041476697,52.625
0.0009294851732718301,0.01321537415523943,0.47570852659088275,0.02674862735088349,0.007475680288030382,0.002466731549943305,0.0020970447895155564,52.75
0.0014080696704925834,0.013518236011023926,0.477591242544385,0.02490382265575858,0.008092873190507574,0.0033504144367737815,0.0030050289904639538,52.875
0.0019161118327112546,0.014061931872701295,0.47975841700322325,0.02165901960840619,0.008856494210505153,0.004276433758443638,0.003960446414542185,53.0
0.0024052659913348785,0.014801835611769586,0.4821007247757202,0.01739100958550334,0.009697272131971454,0.0051523445800063785,0.004869996663595,53.125
0.0028288617507566493,0.015692136795072437,0.4845032108734718,0.012532329013862082,0.010547293298456443,0.00589024230448837,0.005644584653420437,53.25
0.0031464667016254883,0.016693548844487396,0.48685348302679055,0.0075280939550917796,0.011348087222448932,0.006415333051056035,0.006207872013575422,53.375
0.0033278310940752804,0.017771146717159857,0.48904901650469557,0.0027944147986838862,0.012053227538309046,0.006673200931921764,0.006503618837028546,53.5
0.003355831771934065,0.01888906099928071,0.4910030834256656,-0.0013176870765493284,0.01262849096243056,0.006635078540541365,0.006501140359794655,53.625
0.0032281329711976794,0.020006066145309538,0.4926488604490054,-0.004549646593892803,0.013051317251685202,0.00630062503998751,0.006198354283666441,53.75
0.002957408332508293,0.021074059856237386,0.49394145515764737,-0.00675178818062382,0.01331037027989909,0.005697959047811993,0.005622097239230683,53.875
0.002570108964283395,0.02204027522032155,0.49485813494429587,-0.007887785655262573,0.013405532095611144,0.004880958100103174,0.004825636939145395,54.0
0.002103902904651671,0.02285325537440569,0.4953982940950208,-0.008027351079670989,0.013348402703264565,0.003924098028461505,0.0038835829087615625,54.125
0.0016040384399864274,0.023471832180318064,0.49558667673612217,-0.0073285355508521605,0.013163143528432503,0.002915339422218617,0.0028846744128484536,54.25
0.0011189855392121212,0.023875434954241784,0.495483607841344,-0.0060120294753316155,0.01288719758490953,0.001947752159423466,0.0019231622283223393,54.375
0.0006957768776577803,0.024072996018290587,0.49519771473624735,-0.004330582434720701,0.012570998473966644,0.0011106852102556832,0.0010896638442892126,54.5
0.0003754965117163349,0.024106660639289214,0.4948816905971125,-0.0025370553319168654,0.012275296034237422,0.0004813263564053461,0.000462430962588245,54.625
0.0001893481202988882,0.024046199235151278,0.4946979812462123,-0.0008546375247808621,0.012064538099245731,0.00011745212888693566,9.99126584180221e-05,54.75
0.00015567757245582735,0.023972157370302248,0.49477367206156164,0.0005475860371741721,0.011995714209542506,5.2047232352976464e-05,3.533650266041022e-05,54.875
0.00027823201458159814,0.02395178915907559,0.4951712384123048,0.0015712053264078586,0.012104921507693224,0.00029028806805564693,0.00027379154189111077,55.0
0.0005458185362896133,0.024018889507568267,0.49587788777603964,0.0021956037505048865,0.012397281417785039,0.000809155833019386,0.0007920205891275289,55.125
0.0009333911342118025,0.024168792127046302,0.49680313532131537,0.002475107541200308,0.012845760085752717,0.0015596941315029467,0.0015408555572039573,55.25
0.001404458034338466,0.02436979420007767,0.4977823430160158,0.0025267573643267334,0.013399327880525759,0.002471678498804633,0.0024499911448903067,55.375
0.00191457551581162,0.024581592916797092,0.49860250530234,0.002510321611102677,0.013995484273797881,0.003460243631618424,0.003434607695422587,55.5
0.002415591375806697,0.024770105896643944,0.4990679853262066,0.0026030124110346673,0.01457153467376333,0.004433838180599909,0.004403227930000919,55.625
0.002860230852073152,0.024914102972362673,0.4990681636786079,0.0029719350242135597,0.015072021564607574,0.005302761146268344,0.005266118884584281,55.75
0.003206586880370728,0.02500472204573706,0.4985815496751987,0.0037475425027219678,0.015452532918096326,0.0059874872339226405,0.005943521522520312,55.875
0.003422087618441852,0.025041101105817455,0.497637087469347,0.005001258230603952,0.01568118713509273,0.006426013547130193,0.006373001384878063,56.0
0.0034865658587200574,0.025025187633037498,0.49628751809546473,0.006729982736896249,0.015739012038951613,0.0065795537005468065,0.006515266490748406,56.125
0.003394141888142856,0.02495790535002823,0.49460226635703725,0.008849465139081716,0.015620015705942967,0.006436059048064894,0.006357900760874613,56.25
0.003153744945392763,0.024837964280510678,0.4926667356503109,0.011197569550679345,0.01533135301478223,0.006011246796787502,0.005916619547030377,56.375
0.0027882277222251958,0.024663769959223945,0.49058065792976063,0.01354739884253825,0.014893674686919472,0.005347043868551483,0.005233867907547207,56.5
0.002332161156204759,0.02443801985471786,0.48845394380409196,0.01562916031440109,0.01434145074705117,0.004507593284844642,0.004374838808706705,56.625
0.0018285208249917636,0.024173562844461607,0.4864005045090412,0.01715867841582927,0.013722715072477604,0.00357319528615102,0.0034212600234815316,56.75
0.0013245802294235916,0.02389789488634275,0.4845308850539658,0.01786967878317061,0.013097234013389485,0.00263274755479477,0.0024635477215338986,56.875
0.000867400807132572,0.023652539685052425,0.48294443718139096,0.0175464665304523,0.012531662617234155,0.0017753898194087215,0.0015921124989917157,57.0
0.0004993468024062411,0.023483638121052933,0.4817215565217367,0.01605345552002431,0.012090346428457717,0.0010821340333430423,0.000888698738077065,57.125
0.0002540516034696513,0.023423446237968715,0.4809163440446966,0.013358198082428992,0.011822101855699069,0.0006182647684761741,0.0004186260701840583,57.25
0.00015322064896154146,0.02346986747100777,0.4805500044702509,0.009545105781858805,0.011746937974380145,0.0004272245500817407,0.00022468720713464396,57.375
0.00020457798917602275,0.023577174712173275,0.48060542373966264,0.004817897152831423,0.011849567708635341,0.0005265618806758463,0.00032326242746094636,57.5
0.00040115585434403,0.023666462002498948,0.4810237140731731,-0.0005101179376054183,0.012084101166751371,0.0009063281364185452,0.0007029710260281208,57.625
0.0007219988715163289,0.02365045918886959,0.481704068143393,-0.00603760481194616,0.012387222226011765,0.0015300809593759412,0.0013259292583974736,57.75
0.001134218780397609,0.023458607562326206,0.48250885716232983,-0.011307093289941571,0.012692671936427693,0.0023384071779732067,0.0021314510513623652,57.875
0.0015962045754977173,0.023052025443683163,0.48327599532195503,-0.015844553301267217,0.012941651057131126,0.003254639976741056,0.0030418288753907285,58.0
0.002061679840638838,0.022426553179557926,0.4838391621540262,-0.019203133934275363,0.01308798466540359,0.00419223502267707,0.003969673446785893,58.125
0.0024842149620232182,0.02160724654670145,0.48405287642335876,-0.021006973908115133,0.01309944577323984,0.005063108092740806,0.004826171363286225,58.25
0.0028217556364721575,0.020638644087122213,0.4838153063123324,-0.020990807544728877,0.012957082247373698,0.005786138331425601,0.005529538266612621,58.375
0.003040725580312544,0.019574269927809022,0.48308117184570126,-0.019031322369040444,0.012653929923505723,0.0062950170467973065,0.006012905433466553,58.5
0.0031193012932913622,0.0184677687353872,0.4818619937094609,-0.015166863449295138,0.012193943996096294,0.006544676027938514,0.006230890069723993,58.625
0.0030495364464885348,0.0173672200621032,0.4802171523590804,-0.009603074653952668,0.011591565910364239,0.006515658658530672,0.006164177617553057,58.75
0.0028381252057713977,0.016313467042106365,0.47824149041172553,-0.0027033312635130523,0.010872040196929111,0.006215991059082731,0.005821598153977092,58.875
0.002505726656539465,0.015342539897442742,0.4760533596063919,0.005035765425299912,0.010072327478421681,0.005680351721708565,0.0052394077307956755,59.0
0.00208491347908892,0.01449122996785822,0.47378431811385247,0.013022126449542355,0.009242103487592362,0.004966603604844684,0.004477772225269683,59.125
0.0016169433512611075,0.013803134060201425,0.47157018643413084,0.020616129229363102,0.008443649602692383,0.004150015986441091,0.0036147626632525576,59.25
0.0011476680857316361,0.013329547155051347,0.46954286999957207,0.027184709285902522,0.007748149602880374,0.0033157375622473047,0.002738462714080181,59.375
0.000722981774907238,0.013116625266768645,0.46782258386983766,0.032156811732912606,0.0072245669974320935,0.002550262566816373,0.0019380154255300708,59.5
0.0003842567367649067,0.013174136661175145,0.46651042213927085,0.03507515986600393,0.006919297249062742,0.001932738897919513,0.0012945612798241912,59.625
0.00016421982081784068,0.01344078231308522,0.4656814577529503,0.035639503976622675,0.006834611310654639,0.0015269894225992786,0.0008730251748654272,59.75
8.368088782261795e-05,0.013780408208435676,0.46537873122860485,0.03373717936473782,0.006923495546019659,0.0013750520432951338,0.0007155998166207267,59.875
0.0001494434270438866,0.014022523165707266,0.46560860767105555,0.029457874954878505,0.00710790437844472,0.001492896848408707,0.0008375700553503451,60.0
