omega_c_t,P_e2_full_Rabi,concurrence_full_Rabi,P_e2_complete_SW,concurrence_complete_SW,P_e2_JC_dispersive,concurrence_JC_dispersive,D_complete_SW,D_JC_dispersive,top_fock_population
0.0,1.5514347230955708e-30,0.0,2.284092885779844e-31,0.0,1.0142253212781228e-33,0.0,7.25733397731684e-16,2.6460214704271233e-16,3.920584239957443e-21
4.36827749507504,0.001174386059169593,0.004546354704738312,0.0011748360828805243,0.004652902814320924,0.0009870891682136488,0.006287614942629046,0.000310118541087029,0.00303321447460173,9.742441714060107e-21
8.73655499015008,0.0013274059657757535,0.018420794681295524,0.0013311276712166635,0.018690571753459524,0.0010271963450466078,0.02408575782030594,0.00030993425323475916,0.004665645029534852,6.323377503279824e-21
13.104832485225119,0.00035127452922934877,0.02558965141267513,0.00035382674465055987,0.02582527332052044,0.0003007748474461795,0.033165698521462304,0.0001311257595210691,0.0038999351272576456,6.637026436636453e-21
17.47310998030016,0.0013992939900938234,0.028399258911013595,0.0014060064808718525,0.028698981092577153,0.0015830274972892947,0.03752520095697438,0.00041974861060833685,0.005102692045424153,9.273665906122245e-21
21.8413874753752,0.0015456362312865615,0.04670025338957332,0.0015618982540929393,0.047250569612977786,0.001683778904944548,0.05971396777622791,0.0003825292438065115,0.007746513956475489,4.054702419145781e-21
26.209664970450238,0.001138965522570054,0.05032783862157393,0.0011501742952333893,0.050797692151159896,0.0012088303972485972,0.06607295230537207,0.0002823878828620218,0.008271170534610284,1.0632161398245021e-20
30.577942465525275,0.0023374129132698734,0.05621622831159864,0.0023597060408193657,0.056808837107278534,0.00282597448819422,0.07281377298004768,0.0005655228393986211,0.00978765905599431,5.734510405269792e-21
34.94621996060032,0.00205601945291927,0.0759158216677565,0.002092334653035753,0.0767498284033583,0.0029339965221614616,0.09551160032632837,0.000475649166281731,0.010249717109866295,6.910508055629563e-21
39.31449745567536,0.0020261911051242033,0.07575166078649993,0.002054040669985193,0.07647328327079093,0.002740044297840453,0.09890807284181262,0.0004507120187362979,0.012258851170196764,9.557859107535779e-21
43.6827749507504,0.003780044857867838,0.08425718620273823,0.003827715542129389,0.08515636596434391,0.004714578287760444,0.10886605731916105,0.0007083537965940374,0.014527882750147275,4.091009723769137e-21
48.051052445825434,0.0032138656588858883,0.10388950904075353,0.003275489939880709,0.10499005033997304,0.004757697359067407,0.13071902103301364,0.0005774056148954548,0.01400117184854928,1.1180749939260834e-20
52.419329940900475,0.0031993445513129226,0.10252158868532779,0.003252775895398455,0.10351550383852182,0.004916726764775249,0.13184468694343554,0.0006325423567441969,0.015185850643347758,5.482073716670717e-21
56.78760743597552,0.005327524909489154,0.11339822129328417,0.0054109894438323855,0.11461226720853662,0.0072338145461302,0.14525711809551328,0.0008368597171115432,0.018093309095665044,7.547960187191094e-21
61.15588493105055,0.004879052712977006,0.13062226514427916,0.004970579621513947,0.1319735749534421,0.007142877568219452,0.16512873336506298,0.0006886448109109746,0.01779730986943185,9.607911594536881e-21
65.5241624261256,0.005074153850325297,0.12898222221331093,0.005162128759325408,0.1302476894686272,0.007762165523717156,0.16501892656403433,0.0008226468536421735,0.01881407913539941,4.038381621950965e-21
69.89243992120063,0.00705284603062801,0.14358854464740858,0.0071815589789132024,0.14511460343192614,0.010356292861865398,0.18171477702230265,0.0009526703906665517,0.02049742863172948,1.1672222602785343e-20
74.26071741627567,0.006652874349934786,0.15673177809478364,0.006780182207201751,0.15830416175129844,0.010089595850813352,0.1986280498896902,0.0008149742411648605,0.021270158802084452,5.258516098415715e-21
78.62899491135072,0.007609763572155951,0.15479220080438139,0.007741882218599665,0.15633043263405805,0.011294404158370444,0.19851351250447974,0.0010113869389214735,0.02361471105312411,8.074083884411924e-21
82.99727240642575,0.009338660225832544,0.17323456948164256,0.009519281110713217,0.1750559333357184,0.014046076101640936,0.2179835876039104,0.0010604570041362633,0.023743917381431005,9.349981235203021e-21
87.3655499015008,0.008569867533648547,0.18230024069610176,0.008740084100541771,0.18409944741449938,0.013611550249796125,0.23112365109037775,0.0009552413258990156,0.024950061100799746,4.222687934929443e-21
91.73382739657583,0.01039677360060505,0.1815694143297877,0.010584277124632856,0.18339752062785294,0.015520383170963572,0.23235136932450717,0.0011884052710941547,0.02766374393894004,1.1958402546197694e-20
96.10210489165087,0.01217837543243992,0.20151967171081892,0.012415209032205993,0.20361859136821137,0.01826441784471646,0.25381284374851193,0.001162959201555811,0.028423045711068406,4.697152106608713e-21
100.47038238672592,0.011063783959724014,0.2082824114448984,0.011284041842383066,0.21032497763136715,0.017734913719688918,0.263419968219595,0.0011137913731436024,0.028479466905695437,8.342389121477619e-21
104.83865988180095,0.01335887294555399,0.21003056145900495,0.013613644002063333,0.21216022354068895,0.020431539877825998,0.2664967113973601,0.0013481916238087459,0.03043484687028273,9.212208685748676e-21
109.20693737687598,0.015149431930969709,0.2293447936655566,0.015446709560780555,0.23170623838479357,0.02297647355670616,0.2889659457966242,0.0012666135177837718,0.032322620333338284,4.280895090748599e-21
113.57521487195103,0.014268615493582057,0.23228320481119033,0.01454638107452807,0.23453529429126274,0.022494487502287032,0.29510497112950657,0.0012883402096644202,0.03268291596708146,1.1578907312174428e-20
117.94349236702607,0.01685962100360703,0.2388480836718365,0.01719149168715231,0.24126998321131812,0.02600174624869973,0.30086030927114854,0.0014908051892498194,0.03268820905335926,4.5326051944059034e-21
122.3117698621011,0.018105539351936626,0.2572233083647908,0.01846825918170885,0.25982614974188795,0.0281578434001009,0.32323458253780074,0.0013773791565061901,0.03548102517240728,8.449308942136816e-21
126.68004735717615,0.01784339044604554,0.25636931925219436,0.01818844082216821,0.2588499790403309,0.027927691869813392,0.32630248432180914,0.001470487694762257,0.03691532843115571,8.762992405214158e-21
131.0483248522512,0.021034927844184648,0.2666320654525513,0.021450602937713295,0.269329410071628,0.0321880970467874,0.33530616841201555,0.0016183778493091795,0.03781057177762898,4.422184104169352e-21
135.41660234732623,0.021407164515137803,0.28437171335617045,0.021839663462630242,0.28718556764579706,0.03379979204627903,0.35644382555681814,0.001498879984205236,0.038499216624967206,1.086942394439947e-20
139.78487984240127,0.02160568611629503,0.2820318943007472,0.022030447903078967,0.2847705637618287,0.03406729769424138,0.357277448898738,0.0016518471204198396,0.04032441573833929,4.606063771862301e-21
144.1531573374763,0.025502567842525834,0.29415261111279883,0.026007425476188124,0.29711749957154493,0.038934602367847716,0.36965854651137336,0.0017331028510672191,0.04234574397569882,8.43864193462703e-21
148.52143483255134,0.025310442093736358,0.30976839079341795,0.025816070028900392,0.3127537055023222,0.039912166847260615,0.38839425082687173,0.0016327965926393453,0.04208610458072505,8.116189930339202e-21
152.8897123276264,0.025878127667724862,0.30864352283145485,0.02639498196105965,0.31164338117484075,0.04093404721627262,0.38816287049861026,0.0018267814116035743,0.0426762320372302,5.0139760376233504e-21
157.25798982270143,0.029946594496673345,0.3224385953759766,0.030546045140923725,0.3256613708860035,0.046178361746223924,0.4037099708383725,0.0018422123819387584,0.04581705488218601,1.0208893415542786e-20
161.62626731777647,0.02956733367224058,0.33342488951145516,0.030151108129254145,0.3365732749394871,0.0465233735947673,0.4188363420615537,0.0017803011922856167,0.04600777069265451,4.321702930198999e-21
165.9945448128515,0.030951402895933885,0.33397929753483035,0.031570335940176546,0.3372099018023508,0.048530378094795955,0.41903913498546747,0.001991202051351444,0.04683224020163548,8.791596401591505e-21
170.36282230792654,0.03457674428651524,0.3509087615669828,0.035274601672638205,0.35436606357377776,0.05385737708143051,0.43723160266946204,0.0019501250764369588,0.048575352417182374,7.730634633322361e-21
174.7310998030016,0.03391023058329425,0.35695689197495195,0.03458101635883291,0.36029459345155973,0.05367721671813205,0.44838352722184577,0.0019411575265569198,0.04996237439644824,5.329626844166792e-21
179.09937729807663,0.036581112609698346,0.35878200132704186,0.03731071023810963,0.3622395616372342,0.056836339334988675,0.4499344563916892,0.0021413302620795853,0.05154058303424237,9.928692230892269e-21
183.46765479315167,0.03969392093369141,0.3780595422695941,0.04049086515120405,0.38172299807544036,0.06191886528580851,0.4699862945165341,0.0020600145822847796,0.052383791757589906,4.259066724623359e-21
187.8359322882267,0.03857879393817309,0.3818049241668402,0.039347580643255435,0.38535025725194844,0.06142689906631683,0.4776129068247906,0.002111226779217741,0.05335938835749303,9.373029370689488e-21
192.20420978330174,0.04237116238510921,0.38479811462138847,0.04322030777554475,0.38849198831089443,0.06580848884344032,0.48082460119605364,0.002275422828777258,0.055370286204267025,7.325625559049722e-21
196.57248727837677,0.04512834002100904,0.40370603371415764,0.046024291369569224,0.40754929590997463,0.07032680587253459,0.5017414607024933,0.0021762936868113133,0.056617182619138194,5.469147126456642e-21
200.94076477345183,0.04398506810517138,0.40594875055536417,0.04486198828545896,0.40968927982015835,0.0698269302751362,0.5064565828699746,0.002283991722874658,0.05676643395513577,1.0222133731333351e-20
205.30904226852687,0.04837879382734136,0.4120207486183579,0.04935497846322451,0.4159427487465019,0.07538213464486096,0.5116342627806123,0.002395642664995039,0.058133725701667444,4.364398780000489e-21
209.6773197636019,0.05051574678159534,0.4286425546438066,0.05151361427815951,0.43263242284170395,0.07906752436909224,0.5322706192655898,0.0023036317732018042,0.06025296466102345,9.683141311402939e-21
214.04559725867693,0.05008624727421972,0.42786170665851575,0.05108094500204234,0.43176505604428084,0.07892404260661202,0.5343963248996704,0.0024564369693623102,0.06097738466967796,6.951125972840496e-21
218.41387475375197,0.05491421255244648,0.4386842556886312,0.056020416852113133,0.44280791773915823,0.08547678921179483,0.5422397547357966,0.002508019716600045,0.06140322797854561,6.2131959744347995e-21
222.78215224882703,0.05593087510445311,0.45293714105978944,0.057036435127967584,0.45703926206014645,0.08815236096227398,0.5613125444995047,0.0024435780683902874,0.06345632578063157,1.0475722221073819e-20
227.15042974390207,0.056520671259010134,0.45061170410319396,0.057644632722378415,0.45469753225589615,0.08874840555520833,0.5615687288324481,0.0026205998246330636,0.06494544554712679,3.964679415893729e-21
231.5187072389771,0.061901278334992905,0.46401456801943086,0.06313679581247748,0.46831878410670114,0.09600422238983983,0.5724735824474495,0.0026175809828539857,0.06635176499270092,1.023941672870879e-20
235.88698473405213,0.06179797419337467,0.4759664337657965,0.06301688758930755,0.48017408739070994,0.09761686928898902,0.5885768460571157,0.002593467634288934,0.06702543069922615,6.770012208104868e-21
240.25526222912717,0.06325231671064203,0.4751133369087749,0.06451779719520383,0.47939665300895085,0.09930643571403139,0.5882816596325195,0.002772458666722686,0.06797320419443129,6.810686621744206e-21
244.6235397242022,0.06890716124117992,0.48907920589562776,0.07027176590300414,0.4935484820489972,0.10687809484066671,0.602131852978201,0.0027279672503905607,0.0706817440854732,1.045243513138296e-20
248.99181721927727,0.06824118269223493,0.49736835646043376,0.06957895186249743,0.5016747413350842,0.1075164753897934,0.6143293202109512,0.0027496710584269547,0.07082623099255703,3.6326342277590984e-21
253.3600947143523,0.07061457452335713,0.4996015733695713,0.07203027222615684,0.5040565673662563,0.11057631441886877,0.6146689453854208,0.0029118930049757885,0.07025341787460197,1.1002869990414691e-20
257.72837220942733,0.07578859585805735,0.5144563781967948,0.07728385535871539,0.519065045153015,0.11802389027289303,0.6309845747229545,0.002844097187527869,0.07411281763028832,6.413789107048919e-21
262.0966497045024,0.07497650359005027,0.5180002886841031,0.07644183586232259,0.522411436763092,0.11791903147986314,0.6392133635933734,0.0029101958341997097,0.07478556742680104,6.754114686632728e-21
266.4649271995774,0.07868864813268066,0.5223557484115348,0.08025831601360009,0.5269479373292674,0.12250697812333437,0.6407852696763486,0.0030410004414469305,0.07512881233202169,1.0486110976113142e-20
270.83320469465247,0.08285682853471993,0.5392055480930795,0.08448329789407642,0.543915575823436,0.12938777972266585,0.6587862141430538,0.002967033628834167,0.077155962733474,3.806901029454416e-21
275.20148218972747,0.0819031914230478,0.5396187084581506,0.08350860227119386,0.5441512741876222,0.12889515106370425,0.6635389187395369,0.0030726710143241303,0.07837651920871111,1.1002088074100912e-20
279.56975968480253,0.08708680320364331,0.5448966556615102,0.08881264529702525,0.5496241832631859,0.1350208842077663,0.6666270739969347,0.003161473762236697,0.07985066499309723,6.029025990842095e-21
283.9380371798776,0.09030442529546923,0.5621399981418996,0.09206088404233577,0.5669099727498671,0.14094315758533954,0.6852782795667132,0.003096432035235202,0.08097590813339577,6.879709382535568e-21
288.3063146749526,0.08936532853295415,0.5624502893754019,0.0911227716413883,0.5670991655022513,0.14050754688674058,0.6873422681194861,0.003231998566129188,0.08128696734293973,1.0149759793254857e-20
292.67459217002767,0.09550540957925809,0.5685695638859783,0.09739019917982664,0.5734276209265505,0.14802034275239065,0.6921354336329348,0.0032748453101099253,0.08366462504454109,4.061797458277857e-21
297.04286966510267,0.09788863433545532,0.5832921710937963,0.09977620646633324,0.5880845482902038,0.15269387258986708,0.7101700772901274,0.0032335438942581035,0.08482932164232464,1.0575191237294286e-20
301.41114716017773,0.09763527581051058,0.5831131030526783,0.0995529026197459,0.5878621847729777,0.15280076419906577,0.7103828364943863,0.003383017691580225,0.08478630086641724,5.746004732144908e-21
305.7794246552528,0.1041035692359104,0.5926913956725556,0.10614782280475973,0.5976532724585889,0.16139671386074775,0.7171977144991478,0.003384740122972743,0.08669800647066339,7.184721162848643e-21
310.1477021503278,0.10539950828496099,0.6034208699033634,0.10742464143605823,0.6082309614863524,0.16467359848342542,0.7331557573218068,0.0033795428928406067,0.08842451153452123,9.433167596013302e-21
314.51597964540287,0.10649744655012641,0.6022359117810189,0.10858182687573786,0.6070679845731839,0.16579268497950744,0.732360801496082,0.0035298108621407837,0.08911833299207626,4.354553132626163e-21
318.88425714047787,0.1130860761529698,0.6155687633682234,0.11528576759825307,0.620600665975911,0.17504136787374672,0.7416517356157152,0.003498712956343732,0.09057747127940954,1.0437923926584483e-20
323.25253463555293,0.11309573705535551,0.6231782944946249,0.11526718576665677,0.6280139752512953,0.1769412912974384,0.7542481690970769,0.0035319265136066627,0.09205514802693766,5.249196692029551e-21
327.620812130628,0.11562399221921638,0.6225927823975578,0.11788277409607828,0.6275163325881298,0.17946897632182593,0.7534183971601973,0.0036669390033370448,0.0930068058107874,7.253520395630118e-21
331.989089625703,0.12223445974571612,0.6370421671991453,0.12458459301708699,0.6421184857971717,0.1888570468519165,0.7652931413181507,0.0036148730534458703,0.09519777525495635,9.14313980893789e-21
336.35736712077806,0.12136383349439575,0.6420984369578606,0.12368856043086472,0.646940821748354,0.18957319487417876,0.773922479974364,0.0036854757174725077,0.09559324604587882,4.577115509512152e-21
340.72564461585307,0.12508423710702726,0.644276031753507,0.12752341712718943,0.6492827824320461,0.1937812954234246,0.7738118450288509,0.003793704220639466,0.09597924709852365,1.0284510698888218e-20
345.09392211092813,0.13119470586293192,0.6580910988034884,0.13369418930135735,0.6631837823463697,0.20276818459309534,0.7878842603692466,0.0037374978355729565,0.09917858661720902,4.995615521038458e-21
349.4621996060032,0.1301827657813307,0.659529675542218,0.13266728127139946,0.6643689316272692,0.2026523151781111,0.7926011502906685,0.00383693344006823,0.09935558826310359,7.425789956570486e-21
353.8304771010782,0.13512677518060298,0.6650408972043035,0.13774642318504723,0.670091837303121,0.20864959268870287,0.793671190771703,0.00391317886764486,0.09901494919388049,9.007854416296304e-21
358.19875459615326,0.14002377124629672,0.678830575489134,0.14267448374571026,0.6839007360265482,0.21672884958602892,0.80915933059395,0.003867932930039942,0.10242557498578425,4.6612559063094396e-21
362.56703209122827,0.1392852657099481,0.6768462168741901,0.14193920256678452,0.6816921999886597,0.21625662648244856,0.8105041152459519,0.003986193142822236,0.1031710942668226,1.0241631450746799e-20
366.93530958630333,0.14563086789090965,0.6841378789402118,0.14842663401090483,0.6892078461417014,0.22396833545006617,0.8130299709117758,0.004029356340825116,0.10404684741839226,5.082854045088961e-21
371.30358708137834,0.149071078421564,0.698193344072373,0.15187372560120957,0.7031980819200139,0.2307272561009861,0.8288203314418188,0.004003781654270729,0.10559394892657203,7.818363914948106e-21
375.6718645764534,0.14870852574037302,0.6955268946483122,0.1515428885482303,0.7003826846176145,0.23044745459489738,0.8277018045677823,0.0041324763878473475,0.10641204111880509,8.641981020342976e-21
380.04014207152846,0.15617546119187742,0.7032394316950731,0.15914390400851344,0.7083201644215857,0.23961597523545983,0.8318490485658636,0.004143463908722323,0.10865893070761673,5.0191771749924686e-21
384.40841956660347,0.15841693270615698,0.7153347014929172,0.16137169237212076,0.7202457875688605,0.24478620608149482,0.8465553366830565,0.0041429885330493375,0.10960695648361418,1.0603441218242854e-20
388.77669706167853,0.1587824181774401,0.7145003902796583,0.16180389491794248,0.7193472069053599,0.24525948111790805,0.8441161830483936,0.00427251911010015,0.10905113132167078,4.6940929507125156e-21
393.14497455675354,0.16660551321896877,0.7230833712227209,0.1697449389027627,0.7281529094117088,0.2554665654012073,0.8500257698053639,0.00425668382473969,0.11237411359599996,8.460084487084846e-21
397.5132520518286,0.16782345713267063,0.7308581419903983,0.17093481307045438,0.7356755465531455,0.25895932455845305,0.8622220758340814,0.004286205217473479,0.1134231237424365,8.590824333470886e-21
401.88152954690366,0.169581831756857,0.730837605815135,0.1727916244536802,0.735672241226912,0.26069362942927077,0.8595404048926137,0.004404265949538605,0.11300978189043186,5.240963031632751e-21
406.24980704197867,0.17714060601803494,0.7425744011840025,0.18044700126077973,0.7475934035474994,0.27140215569543663,0.867400868202413,0.004373908200563232,0.11557311310732585,1.0910669373874903e-20
410.61808453705373,0.1772543110615143,0.746126567826094,0.18053156324624037,0.7508567380536335,0.2733234702007274,0.8760618384491393,0.004433699980960172,0.11711175565885873,4.3170030990361016e-21
414.98636203212874,0.18077627786140385,0.7464184343176699,0.1841746369938994,0.7512300477370385,0.27671375182306707,0.8738583738383806,0.004534522849470622,0.11754840115441065,9.328483497202261e-21
419.3546395272038,0.1878736267674159,0.7603719036313442,0.19134005647162067,0.7653012659005016,0.28732448030005797,0.8837663010039334,0.004494510260228584,0.11965324906041663,8.530157163117393e-21
423.72291702227886,0.18705668891551372,0.7614720555449361,0.19050838633763503,0.7660995639123607,0.28796817522972346,0.8884724739120528,0.004582234863566004,0.1204278581500999,4.9549269667310755e-21
428.09119451735387,0.19211852095770485,0.7632720998633896,0.1957067020980779,0.7680546955862879,0.2932475817274666,0.8872065953748265,0.004659068649929758,0.12143271725354474,1.1036892495223915e-20
432.45947201242893,0.19853855307640234,0.7766648994659243,0.20216058935747247,0.7814711852707831,0.3031645286137885,0.8988723496799074,0.004618798817626533,0.12385968753612092,4.654170594750944e-21
436.82774950750394,0.19749398607446494,0.7757105018621209,0.20112465931092724,0.7802150484621176,0.30298333699583135,0.8997582438532593,0.0047275383747444446,0.12372724571452287,9.747315248336419e-21
441.196027002579,0.20373588791870442,0.7807389488888343,0.20751200095051808,0.7854658120458818,0.3101919022743334,0.8997686912792959,0.004776839125405753,0.12449846830355984,7.863627470242685e-21
445.56430449765406,0.2089380622176599,0.7921972706959333,0.21271711639598284,0.7968491725707593,0.3188888330982849,0.9124317244356348,0.0047495886285044515,0.12744406221026294,5.0754653687541216e-21
449.93258199272907,0.20841826266554078,0.7886207940982592,0.2122318380925957,0.7930078807719307,0.31844660268379366,0.9101102054335761,0.004868628612555371,0.12755669396369465,1.1026833437324028e-20
454.30085948780413,0.21575200681745102,0.796728247827726,0.21970827991254172,0.8013593173477292,0.32742137597885584,0.9116335874207045,0.004891983784360267,0.12824633066363272,4.766478354307856e-21
458.66913698287914,0.21929084089600637,0.8068715444699412,0.22323029121870977,0.8113417642370953,0.3345016945179494,0.9241365944279443,0.004886281713028724,0.1306472202211239,9.68004715193339e-21
463.0374144779542,0.2196127815981792,0.8019687667140455,0.22361554313477883,0.8062471096197822,0.33441193352218157,0.9196260182068506,0.005006999898020498,0.13130529987339945,7.17935587602594e-21
467.40569197302926,0.22791427762425215,0.811279445981709,0.23204144153717263,0.8157918493447617,0.34480004131326575,0.9227930385021298,0.0050063950682617524,0.13314984643935218,5.595523165017537e-21
471.77396946810427,0.22991369485236796,0.819835339712566,0.23401462506651488,0.8241005120057904,0.35004304383757895,0.9337600884067397,0.005025644026887889,0.13443757450897142,1.0664746426352813e-20
476.14224696317933,0.23119570828917446,0.8165638164602674,0.2353924491671473,0.820724338137375,0.3509007017484956,0.9283098165247583,0.005142235451415539,0.13433457713520236,4.4040856950549136e-21
480.51052445825434,0.23987189361502717,0.8258139762498022,0.2441644738382893,0.8301880269675254,0.3621941627101682,0.9331591447580745,0.005120443579695178,0.1374561443669306,9.705723123974743e-21
484.8788019533294,0.24078743127511681,0.8307956785858378,0.2450511409082346,0.8348430307650705,0.36558215350209267,0.9413381099185604,0.005166204205310666,0.13815755318166345,6.797021137982998e-21
489.2470794484044,0.24339807500200514,0.8304923306515846,0.2477870094048796,0.8345200839488586,0.3678963801385376,0.9360716264091921,0.005271626898607556,0.1369604826029122,5.633569761960377e-21
493.61535694347947,0.251630092348941,0.8405158473402949,0.25608479449443644,0.8447169733703717,0.3794849579078744,0.9425773966826209,0.005238090800069981,0.14093084112257487,1.0258328572340813e-20
497.98363443855453,0.25172680994933855,0.8408483453547191,0.25615922378655737,0.8446801043416458,0.38120789731749954,0.9471471890373642,0.0053091585433041755,0.14188220993739806,4.3512539264838864e-21
502.35191193362954,0.2561088750677605,0.8420477943339872,0.2606835206159007,0.8459433784326521,0.3853434666655077,0.9427858729100702,0.005394445667301465,0.14155396876355913,9.602998595633599e-21
506.7201894287046,0.2634234536107857,0.8541494652795619,0.26803458644616024,0.8581325491046692,0.3965797381560241,0.9508368687498409,0.0053600237987574476,0.14423006416526846,6.503397364390671e-21
511.0884669237796,0.26283210146409647,0.8512058993771692,0.26744147985299915,0.8548185705462417,0.3970166605040712,0.9514999790927542,0.005454456239310876,0.14530516379183656,5.716733164801618e-21
515.4567444188547,0.26896472965519547,0.8533857252327421,0.27371958437572597,0.8571364150034764,0.4031507963186433,0.9484284363020382,0.005518164040492042,0.14615548234571246,9.990750267925106e-21
519.8250219139297,0.27525291192798523,0.8657498399692469,0.2800138094829053,0.869474554824967,0.41342017934521735,0.9576790120721653,0.005484267662245017,0.14834015433052752,4.3602464674103146e-21
524.1932994090048,0.2744373852335789,0.861521854096823,0.27922790356702254,0.8648956020189779,0.41309927347818176,0.9546490556926613,0.005598714383356889,0.1481978473391456,9.509990572366113e-21
528.5615769040797,0.28182497975743864,0.8657449978624051,0.28675571433413627,0.8693316705989032,0.42119888647859555,0.953105937021647,0.005636903739020757,0.14994439085739084,6.36074570740048e-21
532.9298543991548,0.28688355604181043,0.8756962924197927,0.29179242227263774,0.8791367423935812,0.42998677234423344,0.96281349349058,0.005612843790054157,0.15210533043178948,6.299235805344487e-21
537.2981318942299,0.2866431079324471,0.8704657291895253,0.2916139325258583,0.8735960336821372,0.42952845440835735,0.9567808602907871,0.005738583789276563,0.15146384969766327,9.743380569189792e-21
541.6664093893049,0.2948336262005372,0.8779772183661572,0.29993221724836083,0.881362990907619,0.4393505004060057,0.9569270650494924,0.005751811038430669,0.1530915107094537,4.166483596843739e-21
546.03468688438,0.29828994927336905,0.8847408030136014,0.3033504576412298,0.8878843272295558,0.44629893869609927,0.9659768833097538,0.005747890324677211,0.1555736467551605,1.0056691408029989e-20
550.4029643794549,0.2992175348967149,0.8784858798712168,0.3043678291254946,0.8813878388307951,0.4463481856389674,0.9580188743925778,0.005874140703350886,0.15550015176424248,6.1424787744871224e-21
554.77124187453,0.30799498018972266,0.888458861278383,0.3132491967054438,0.8916048247358651,0.45746324809044653,0.9599173080069008,0.005865781281373663,0.15729984318121037,6.785310378547256e-21
559.1395193696051,0.3097777343469647,0.8928723652256155,0.3149931221082866,0.8957022680150701,0.4624107916087747,0.9670613477243191,0.005887958773130327,0.15913193475307386,9.909715347026846e-21
563.5077968646801,0.31201058955806577,0.8872955821002733,0.31734103619439,0.8899732431237991,0.4635662267013854,0.9584199083430932,0.006006840688236856,0.15921549042313748,4.082522908102666e-21
567.8760743597552,0.32101261723428776,0.8976539095776005,0.3264120703135032,0.9005339099197982,0.4754028155974922,0.9620106436061246,0.005977230110406236,0.16188987866286456,1.067457420443186e-20
572.2443518548301,0.321577262035243,0.8993650301771364,0.32694738507840365,0.9018595934715374,0.47840301468108504,0.9661869603922324,0.00602986180417927,0.16249992742776675,5.883612159934061e-21
576.6126293499052,0.32516423465373245,0.8969429034231204,0.33067192980402943,0.8993818657370101,0.48115060928407194,0.9579698498918153,0.006135654799576274,0.16210260307794122,7.280555949086083e-21
580.9809068449803,0.3336700997552217,0.9066056872108122,0.33920982043434,0.9091920737750008,0.493055347387913,0.96306287113901,0.0060916685033836375,0.1657360713541963,1.0176525688932645e-20
585.3491843400553,0.3335949404696477,0.9042543793048866,0.33912043432578215,0.9064078014624962,0.4943717660392665,0.9636040083163789,0.006172600287708673,0.16601254785521272,3.9921612668552465e-21
589.7174618351304,0.3387749196966562,0.9052968728690846,0.34445017372315495,0.9074885677608965,0.4990305095015279,0.9565969450122922,0.006258041083148688,0.16510498365310425,1.0875630575133968e-20
594.0857393302053,0.3461055435503818,0.9151071980490803,0.3517820065720674,0.917361962550891,0.5103376063320127,0.9628658031082195,0.006212451406935455,0.1689122471656243,5.917723661982142e-21
598.4540168252804,0.34571659370585633,0.908847258734269,0.35140195969355287,0.9106650422867267,0.5104158450644835,0.9595751217648476,0.006317098204764057,0.1696417900403506,7.914275679568313e-21
602.8222943203555,0.3526018167289209,0.9117510949200545,0.3584326041736067,0.9136911361540734,0.5171014020702015,0.9542285978558939,0.006374346766259452,0.1700469730745569,9.698632846565678e-21
607.1905718154305,0.35852909622561513,0.9219686571517838,0.3643362140752387,0.9238506481910161,0.5272037898277943,0.9611639817576536,0.006335196324103132,0.17260410756044767,4.0750541123543086e-21
611.5588493105056,0.358117602437762,0.9139786276972056,0.36396675930238165,0.9154553386286185,0.5266235470245758,0.9543320133176255,0.006462364262350842,0.17274524126644816,1.1093313622984907e-20
615.9271268055805,0.36632310005033375,0.9182421175378527,0.3723003135990974,0.9199125832043227,0.5352339251623497,0.9508637763398867,0.006492363734171223,0.1744958782353485,5.6180158774031126e-21
620.2954043006556,0.3708811714321032,0.9266057623080829,0.3768135511060908,0.9280868190414256,0.5436482571017467,0.9576923020930783,0.006463080641769376,0.17634276324329917,8.168285000522788e-21
624.6636817957307,0.3710443157022055,0.9187997976537545,0.37705498807963805,0.9199229785467231,0.543060658544854,0.9480667573695376,0.006604535685116488,0.17526901064481853,9.060699622568247e-21
629.0319592908057,0.3799064107556114,0.9253203313868191,0.3860219824683798,0.9266932813222395,0.5532854766681297,0.9465611011346535,0.006604859797877031,0.1780534800231588,4.499394368114136e-21
633.4002367858808,0.3830051096739908,0.9297212755595875,0.389063102341124,0.9307924636077365,0.5597038787965627,0.952261014824787,0.006596807994052104,0.17983396280564873,1.1020524521884407e-20
637.7685142809557,0.38443946934920153,0.9222347547759087,0.39060492265341573,0.9230151684477989,0.5597609130698944,0.9409264496674449,0.006740594257793027,0.1788136151474635,4.8432262421342494e-21
642.1367917760308,0.39348255035367025,0.9316340011765643,0.3997247630873247,0.9326689888241901,0.5711132667447426,0.9413544191883547,0.006717723824820441,0.18131610628003536,8.266956963011236e-21
646.5050692711059,0.3950167812747258,0.9321915533843484,0.4012043386358271,0.9328462034372209,0.5754362036814695,0.9448492853282446,0.006737557612373145,0.18341356399894113,8.795686041647588e-21
650.8733467661809,0.3980384897716589,0.9252217386825964,0.4043529904046635,0.9256767559313699,0.5767199472997783,0.9330059340159237,0.006870909912010659,0.1830644360606692,4.6549086496367354e-21
655.241624261256,0.40696891238128813,0.9360624216533626,0.4133240651361659,0.9367216100712861,0.5885873990397044,0.9351994723359572,0.006826874846367527,0.1857451234315995,1.0421855612220307e-20
659.6099017563309,0.40723010504396007,0.9338576454317626,0.41354829919853187,0.934077468990247,0.5909340949818085,0.9356004552527093,0.006882964142279407,0.1865471485596708,4.576002433041156e-21
663.978179251406,0.41175869357827827,0.9291156611793182,0.4182172153464639,0.929244557565858,0.5938934096674154,0.9243411574615337,0.0069966296078513195,0.18667555326504087,8.549723577039867e-21
668.3464567464811,0.42010122816116674,0.9392183941041601,0.42655998998979633,0.9394739597771984,0.6056025586667274,0.9279685090811662,0.006934314263782841,0.189781606406346,8.236265298804328e-21
672.7147342415561,0.4197627358580392,0.9339900463540937,0.4262089089255704,0.9337612617813127,0.6062978704745489,0.9247368225470901,0.007029461386382327,0.1894119850195291,4.678095316289093e-21
677.0830117366312,0.4257225338787815,0.9333370672186779,0.43231537261105735,0.9331250814826662,0.6111994145704428,0.914909370024977,0.007116506810789575,0.18941724760841183,1.014773710139416e-20
681.4512892317061,0.4328173886858702,0.9418134805831074,0.43937596513284444,0.941638424885228,0.6220870461072565,0.9194651342365813,0.007052743139870183,0.19307107261616213,4.567750775654083e-21
685.8195667267812,0.4324765224095869,0.9329791662113184,0.4390493396913724,0.9323083027866738,0.6216262454146849,0.9124951212303403,0.007175608277231609,0.19294921357306885,8.797246446687498e-21
690.1878442218563,0.4398970089980159,0.9359578464450059,0.4466088750385813,0.9353982823753428,0.628525062166024,0.9046479388719736,0.007228755245647671,0.19313019695217373,7.587316843157787e-21
694.5561217169313,0.44533998907519057,0.9434491850987293,0.4519946603875737,0.942811894423159,0.6380081930193983,0.909452858922336,0.0071763925358336676,0.19649005945560563,5.058429174705016e-21
698.9243992120064,0.44532437947854914,0.9321751334359737,0.4520251096614272,0.9310728114796627,0.637003498274078,0.8991004090723765,0.007321378665852277,0.19649319878667626,1.0466165622178728e-20
703.2926767070813,0.4539829815118144,0.9370924529844127,0.46079888558623994,0.9361736627145795,0.6457363048565303,0.8934986543655435,0.007339744647712334,0.19801469414772885,4.16761643017987e-21
707.6609542021564,0.45782866250207965,0.9431289721964257,0.4645731716014343,0.9419989980467391,0.6533735943661414,0.8977121071901061,0.007299749212660439,0.20006681109518584,9.171535100458447e-21
712.0292316972315,0.45849485664717604,0.9319584062027599,0.46532176801451536,0.9304223139586968,0.652488245037095,0.8847541364906766,0.007464748213895277,0.1992366317323284,7.442026144390941e-21
716.3975091923065,0.4677508641669729,0.9382810027003122,0.4746599144527015,0.9369805446411212,0.6626900851880325,0.8814447189779802,0.007445492961476386,0.20207916123081787,5.311701237539896e-21
720.7657866873815,0.4701959792678969,0.9407109057334248,0.47702607876661285,0.9390728404950047,0.6682280468220025,0.8841231807918246,0.0074343781850871775,0.2031951628701409,1.0956931348886782e-20
725.1340641824565,0.47210867495146536,0.931210710514946,0.47905320931028134,0.9292400571431108,0.668105024226156,0.8696239616167339,0.007601443466984244,0.20153550845278603,3.990432342008654e-21
729.5023416775316,0.4812601813138465,0.9395485139785881,0.48825202539912727,0.9378350337940685,0.6792474331053878,0.8684882243164284,0.007553534561480918,0.20530451318811022,9.653305517837e-21
733.8706191726067,0.48237937636777567,0.9372027852108229,0.48929633796645533,0.9350553999113562,0.6826465461782935,0.8687135966384513,0.007575930450991246,0.20673279574768655,7.317842350577738e-21
738.2388966676817,0.4859857141195017,0.9292642581533236,0.4930362898210773,0.9268793942824196,0.683839583730941,0.8538335235805659,0.007728843083174364,0.20569137212538913,5.5351690675573696e-21
742.6071741627567,0.4946118041032339,0.9395448550007467,0.5016728328480786,0.9373787142830606,0.6952861172139049,0.8545917188109289,0.007661798203445219,0.20900527482040265,1.1378963296938722e-20
746.9754516578317,0.49458210364944544,0.9333754174893837,0.50158845951969,0.930713666055326,0.6967241166027046,0.8516276512773239,0.0077240954736027875,0.21001729766240848,4.028492341805944e-21
751.3437291529068,0.49987349639884227,0.9272654782988959,0.5070203689170812,0.9244816348332966,0.6996383570044351,0.837453677224691,0.00784793223210074,0.20997479294729213,9.948155201152652e-21
755.7120066479819,0.5076790343306407,0.9375588589235799,0.5147958107282048,0.9349046284980347,0.7107115029775947,0.8396456649441194,0.007762171331903156,0.21305863579960616,7.010216248166952e-21
760.0802841430569,0.5070635048117386,0.9288102850205335,0.5141572330562592,0.9256218210681147,0.7105635776722834,0.8330685411537332,0.007875217468940179,0.2124439016812748,6.185187220148488e-21
764.4485616381319,0.5137469531851561,0.926088138149316,0.5209802774612926,0.9229008994897757,0.7154121646730146,0.8204979739308225,0.007960108195425867,0.2133346912448591,1.1356232672285993e-20
768.8168391332069,0.5202811637424504,0.9342397229650241,0.5274461312959111,0.9310736708550145,0.7254644724165328,0.8234746295196815,0.007873820543169593,0.2163020013725388,3.760928239811893e-21
773.185116628282,0.5198275792208069,0.9229081372144459,0.5270033657078355,0.9191941936827608,0.7242625666621747,0.8132602535399565,0.008024642463269024,0.21509841708554664,1.0318856669189284e-20
777.5533941233571,0.5276839457067115,0.9247434471828677,0.5349888802049116,0.9211399048306613,0.7310437268677893,0.8029272484436478,0.008064654009538121,0.21594691525886278,6.699203883835049e-21
781.9216716184321,0.5324959238060507,0.9301222424272084,0.5397062109838392,0.9264249771922407,0.7395255815153481,0.8058743264475482,0.008001930608789506,0.2196282449587148,6.577026598609678e-21
786.2899491135071,0.5327185371720057,0.916391239431163,0.5399727822800562,0.9121714573733066,0.7379012026894793,0.7924275387108162,0.00817006978872815,0.21887843727253714,1.0931132843176676e-20
790.6582266085821,0.5415531643306364,0.9216805721064405,0.5489110281786798,0.9176520782846668,0.7463981695238374,0.7846699458849924,0.008168743150427465,0.22051965902603898,3.725448683298748e-21
795.0265041036572,0.5445777273239137,0.9247843594024162,0.5518292039338225,0.9205317587391845,0.7529150375269985,0.7866765472968439,0.008124828807928298,0.22314906418428798,1.0535089484997584e-20
799.3947815987323,0.5457383058866754,0.9104727173249105,0.55306855919437,0.9057633674979135,0.7515317004730344,0.7707817953387897,0.008310811661380042,0.22221549710489202,6.2156679520885095e-21
803.7630590938073,0.5550646137406391,0.9174020049830045,0.5624592161658614,0.9129308163348544,0.7613353964978153,0.7656558028813661,0.008264446176319818,0.2249504728544509,6.657199923615793e-21
808.1313365888823,0.5566246643380228,0.9174697830755749,0.563911134415575,0.9126392532867711,0.7656885245957649,0.7658141863937443,0.008252519503607609,0.22574457045640528,1.0416926980414998e-20
812.4996140839573,0.5590394979304835,0.9050934982312482,0.5664386581313067,0.8998986557787805,0.7651710248967962,0.7485078475180156,0.00844419656251763,0.224550954176703,3.994625908430989e-21
816.8678915790324,0.5681055511061377,0.9130343463754177,0.5755252086578252,0.908096943457954,0.7757230103869737,0.745834202134091,0.008361956209816047,0.2284097075512213,1.020239206257058e-20
821.2361690741075,0.5685486699153366,0.9084336379076107,0.5758669937761423,0.9030203207770402,0.7779293449952426,0.7433385060199427,0.008396524736710945,0.22874799782122146,5.843110420909737e-21
825.6044465691825,0.5726117368059233,0.8990651096969954,0.5800662125349011,0.893395479790141,0.7787973478368044,0.7257513596564783,0.008566062259859723,0.22719717671735226,7.147442021453753e-21
829.9727240642575,0.5808014174610086,0.9082431792445258,0.5882343241780372,0.9028092490574975,0.7894484167987331,0.7251501155644575,0.008468076906065967,0.2315703442662882,9.527889214775872e-21
834.3410015593325,0.5803720424182037,0.8988287266729758,0.5877236965589555,0.8928399197224824,0.789737728626409,0.719389229667422,0.008549494953551045,0.2322498118369133,4.025058026883636e-21
838.7092790544076,0.5862000743742868,0.8920988593740417,0.593694750557359,0.8859772958941751,0.7923506619297741,0.7026082437253985,0.008675207483113383,0.23185275559384738,1.0183236075013672e-20
843.0775565494827,0.5932187110600006,0.9017847679691285,0.6006505020136669,0.8958163416149774,0.8024288428837162,0.7035051572474937,0.008563619406073855,0.23552396616637084,5.676173934975225e-21
847.4458340445577,0.5923258767323752,0.8891824288053328,0.5997114294302672,0.8826202496237996,0.801218455374099,0.6941577609269326,0.008700038480901732,0.2348821729132125,7.544205433029684e-21
851.8141115396327,0.5995970788368922,0.8853209366357456,0.6071190801320548,0.8787579135908022,0.8057374657632026,0.6791179252876256,0.008773919241880871,0.23585410615857375,8.626175585335632e-21
856.1823890347077,0.6052294332990842,0.8932749781772925,0.6126479732382348,0.8867408583660396,0.8146182294445614,0.6807497401515928,0.00866679430533808,0.2385633155629193,4.147153727797746e-21
860.5506665297828,0.6045751738106387,0.8788941318612612,0.6119898815005537,0.871760152696581,0.8124681039428199,0.667862041450851,0.008851825660331845,0.23661974954214635,1.0785733755309695e-20
864.9189440248579,0.6128206857822648,0.8791399693615559,0.6203562318902356,0.8721306339375695,0.8188390078451696,0.6552628450563184,0.008864144527946208,0.2388462846972822,5.228967427331842e-21
869.2872215199329,0.6167612873548511,0.8834461696459123,0.6241611087852885,0.8763305548486665,0.8260102914563766,0.6567183268820083,0.008797853834525238,0.2415857273106644,7.549729180504753e-21
873.6554990150079,0.617026142675793,0.8676017866233711,0.624462725884234,0.8599154358658359,0.8235632705941928,0.6407290105558121,0.008995863277420586,0.2397745414947781,8.516564895571935e-21
878.0237765100829,0.6258960305210367,0.8723570872290416,0.633426401174167,0.864890741600265,0.8315222071355274,0.6309774139574416,0.008959435943546784,0.2420741619490155,4.4559575574017016e-21
882.392054005158,0.6279952840970635,0.8727937929019786,0.6353743543582693,0.8650836066491439,0.8366374481770821,0.6312895199463177,0.008926254387713415,0.2451652187861536,1.1145161840206569e-20
886.7603315002331,0.629524634792905,0.856231182372615,0.6369775143514708,0.8480223436540087,0.8345509902237633,0.6129790182414897,0.009129977638093078,0.24361049571510673,4.804308295201997e-21
891.1286089953081,0.6386379463007142,0.863811221153525,0.6461424408251186,0.8558740432250763,0.8436520937613089,0.6061687246827381,0.009044062939496566,0.24668270112880408,7.950189865076952e-21
895.4968864903831,0.6391717470313433,0.8608905441035367,0.6465259844016239,0.8525667352089955,0.8465657580979011,0.6044315061401841,0.00904838494122507,0.24762378022566833,8.610062018859578e-21
899.8651639854581,0.642097474149577,0.8457256756598246,0.6495607469006047,0.8370160719579572,0.8454423535350385,0.5848104594353556,0.00925328260463001,0.2465491115753526,4.557291785621585e-21
904.2334414805332,0.650820024135261,0.8541841718563612,0.658282225492954,0.8457557789890177,0.8551044622749232,0.5807418073203349,0.00912808470268945,0.25028717443149245,1.1370719316037654e-20
908.6017189756083,0.6503288333090299,0.8472001850515147,0.6576530667803137,0.8382522404049751,0.8558864103614633,0.5762065087960595,0.009196856668370387,0.249577901870344,4.620570939529691e-21
912.9699964706833,0.6548297618557298,0.8356652617695063,0.6622917157187383,0.826467768407502,0.8562099738578673,0.5563852935522727,0.009362954644310424,0.24862352307627433,8.666236894784217e-21
917.3382739657583,0.6624485330825518,0.8442379575576516,0.669856455101699,0.8352955765845648,0.86577741586347,0.554607282346822,0.009227402813459573,0.2532661923837487,8.40708846697797e-21
921.7065514608333,0.6613947977378467,0.8323171581669986,0.6686875564920055,0.8227562100520851,0.8647046799094348,0.5467494005630092,0.009357503589675185,0.25288144958480524,4.678480494707515e-21
926.0748289559084,0.6675976673591495,0.8249024060299046,0.675040628605018,0.8152337946013267,0.8667895517521741,0.5278170184317694,0.009456870650952487,0.2524131512171308,1.1770214564167975e-20
930.4431064509835,0.6736863620406812,0.833409325732034,0.6810273868008451,0.8239208433175803,0.8756006033653111,0.5276630145061786,0.009318304674204522,0.2570142456747194,4.207099951273581e-21
934.8113839460585,0.6724501196079398,0.8174016642693285,0.6797132538882207,0.8072477526184554,0.8731275122400353,0.5162445367345649,0.009498623248666623,0.2558835667836369,9.144078132384801e-21
939.1796614411335,0.6801220623422265,0.8134260230497893,0.6875280679441818,0.8033064711174364,0.8770853575478327,0.4991628333679829,0.009536394253685784,0.256865972173226,8.414084939339042e-21
943.5479389362085,0.6845723056425712,0.82062556194118,0.6918326002189062,0.8105534037737141,0.8845411977428702,0.4997818754177104,0.009415342435615454,0.259879060505895,4.8439611139929415e-21
947.9162164312836,0.6837001583261362,0.8027067001085751,0.6909328593269437,0.79197699066701,0.8812510393990719,0.48490725151573477,0.00964363843674786,0.25774333301615304,1.1692200844886369e-20
952.2844939263587,0.6922614534357885,0.8022331597402288,0.6996148162631434,0.791672709604608,0.8869790458157121,0.47042153586537366,0.009604968334098681,0.26035048527580107,4.026473861067293e-21
956.6527714214337,0.6950133348592066,0.8058413824285494,0.7021833980422911,0.7951615915090128,0.8926060082356261,0.4708357067067288,0.009548382781543598,0.2622050829168837,9.416992489887307e-21
961.0210489165087,0.695197415254196,0.7875529894720861,0.7023931569209861,0.7762679067105706,0.8891493287764021,0.4529672502297666,0.009782625099732434,0.2595156400144794,8.274177729458831e-21
965.3893264115837,0.7040610070086938,0.7913332657238036,0.7113441895071336,0.7803269523515284,0.8963408730979819,0.4415383938996614,0.009683451462774984,0.26316902260005726,4.98629528913339e-21
969.7576039066588,0.7050453675428006,0.7899475833694832,0.7121226295645741,0.7786525378309631,0.8998395225627963,0.44074078324679133,0.009682095526607157,0.2657059300779414,1.1057885554709914e-20
974.1258814017339,0.7067740556623355,0.7718057960442011,0.7139242143067727,0.7599972876353938,0.8968655316170344,0.42065171677640417,0.00990562227534581,0.26335166003650023,4.3520847766668175e-21
978.4941588968088,0.7154996030598837,0.7794329029839175,0.7226905616750176,0.7679641349298629,0.9050421457340695,0.4124177638012113,0.009757242136436502,0.26735084041901686,9.467888446984363e-21
982.8624363918839,0.7149053177916769,0.7733961164538222,0.7218895523408762,0.7614813128804723,0.906318098196258,0.4094880698973658,0.009807813211240416,0.2682720485790683,7.595094363869116e-21
987.2307138869589,0.7182891591461519,0.756445208395652,0.7253863805974134,0.7441512554492129,0.9044063438740081,0.3881682384895921,0.010010890084866733,0.266892865902121,5.535681718816969e-21
991.598991382034,0.7263887612255703,0.7657289619691139,0.7334657765038891,0.7537769623321585,0.9129676025952631,0.3829420982183872,0.009831717652951856,0.2709745439644319,1.0334017106743069e-20
995.9672688771091,0.7247857823855091,0.7557311101236143,0.7316746063525307,0.7431931673456291,0.9121409192998785,0.37714540077789277,0.009956910727118866,0.26958940308604434,4.2977043438140916e-21
1000.335546372184,0.72977015713763,0.7421030377510833,0.7368050209119101,0.7293554275239326,0.9117403452212701,0.3556890121413018,0.010097646112069345,0.2695104802698093,9.511260341112645e-21
1004.7038238672591,0.736603074635008,0.7509744658335412,0.7435503274946074,0.7385153747165212,0.9200264495658659,0.3529898454680786,0.009921278058819946,0.27382856000513645,7.043711308002795e-21
1009.0721013623341,0.734673006404357,0.736652203692024,0.7414639063449258,0.7235004854669739,0.9174186677832397,0.3438451155195355,0.010120547450460027,0.27189776486960887,6.065240727592243e-21
1013.4403788574092,0.7412196409954289,0.7280699536344309,0.7481755886003915,0.7148874409113072,0.9188003789826688,0.3233382148391091,0.010166225632046718,0.2721048834236186,9.699285311166862e-21
1017.8086563524843,0.7462521195541356,0.7356299937558674,0.7530580722906077,0.722634993920157,0.9261609065315682,0.3224417410562757,0.010004736662632258,0.27730190533527677,4.071842417930683e-21
1022.1769338475592,0.7445157864550741,0.7170110503906304,0.7512100825132816,0.7032747649587814,0.9222610894415497,0.30976910711920236,0.010262936550856062,0.2750990410280553,9.792537500292183e-21
1026.5452113426343,0.7524344376783632,0.7132763005437318,0.7592895643426771,0.6996753762281206,0.9254897180668137,0.2911841699308052,0.01021936281364427,0.2765506629097298,6.652821021964727e-21
1030.9134888377093,0.7555120083869605,0.719045503430271,0.762164845668324,0.7054814035846598,0.9313513879348178,0.2911812100702861,0.010097481095931265,0.28007478862043433,6.130890790063755e-21
1035.2817663327844,0.7544168326856867,0.6978745231065624,0.7610176077502503,0.6835942864925729,0.9267647461538198,0.27513334241388737,0.010389647101151905,0.2774608374988584,9.488723694684714e-21
1039.6500438278595,0.7631601335622207,0.6979319938490547,0.7698934127672733,0.6839311916937246,0.9316913724668617,0.25923725276232984,0.010264727448265919,0.2804150723375455,4.2798028010926424e-21
1044.0183213229345,0.764409142981501,0.7004078357933251,0.7708979763041327,0.6862447148023233,0.9356177874137457,0.2591090526831404,0.010237310524114465,0.2816616615035834,9.952684768734273e-21
1048.3865988180096,0.7645124943432551,0.6792371074682791,0.7710181141757115,0.6644517015766904,0.9310022220742057,0.24017088506182807,0.01051403242154697,0.2790230162325975,6.125444274100023e-21
1052.7548763130847,0.7733302525692646,0.6828364001669139,0.7799225835117187,0.6684386156061541,0.9372795720070337,0.22745364565033407,0.01032103619512506,0.28353098200386984,6.607079837555689e-21
1057.1231538081595,0.7729087121438174,0.6800351230377611,0.77922902067752,0.6652600616839152,0.939016739557124,0.22617135729841273,0.010383846953166687,0.2845999309520977,9.638393651500402e-21
1061.4914313032345,0.7747409272338476,0.6603690663722107,0.781143155478217,0.6451135605318046,0.935013898796654,0.205113649516023,0.010615911135500426,0.2817805353225613,4.178583225318855e-21
1065.8597087983096,0.7830037413131101,0.6676258926589625,0.7894335425970405,0.6528109173009937,0.9421322361732222,0.19574437638470768,0.01038695853565938,0.28708360022055024,1.0247820331378125e-20
1070.2279862933847,0.7811336194147726,0.6589620480065208,0.787287992697739,0.6435841093744822,0.941635146088275,0.19238046827280114,0.010522635227658231,0.28725347028496695,5.8528920380139256e-21
1074.5962637884597,0.784888142790509,0.6413080467688261,0.7911766265417987,0.6256264956720029,0.9388031478976833,0.1701746589876072,0.010692027068432499,0.2856514000832424,7.43880552430055e-21
1078.9645412835348,0.7921350093451607,0.6510179465823563,0.7983777883218299,0.6357567928935378,0.9461431431440555,0.16398877826186728,0.010462327048380855,0.2905951592290554,9.710231722431083e-21
1083.3328187786099,0.7893271599437112,0.6375585617348218,0.7953196313363442,0.6215981584305476,0.943580637541767,0.15782244213046043,0.01067458537264986,0.28875645023563257,3.75424998166358e-21
1087.701096273685,0.7948319305556841,0.6230143478463372,0.8009963593316753,0.6069579055563259,0.9423354367461334,0.13553347560166373,0.010742766094845112,0.28894580344329235,1.1088964724576349e-20
1092.06937376876,0.8005827328927975,0.6325590378762197,0.8066173861198505,0.6168225259455424,0.9492325422316981,0.13205157628049927,0.01054806695153334,0.2932222782726557,5.7386971837985495e-21
1096.437651263835,0.7976109139654866,0.6153432337782841,0.8034430826621295,0.5988217407791173,0.9449699557158765,0.12266001863038933,0.01083649430004022,0.28998757005552755,7.628579225617717e-21
1100.8059287589099,0.8045778195468413,0.6057721173319445,0.8106032533357388,0.5893764321557451,0.9455414411613757,0.10132845105725119,0.01077301754783876,0.29172611408351595,9.848828552084414e-21
1105.174206253985,0.8083398977710146,0.6130146133942836,0.8141531564185539,0.5967694992239327,0.9513551142461467,0.09980381229545207,0.01062716851700601,0.296245029974891,3.884502875733252e-21
1109.54248374906,0.8059273789854977,0.5922257041536965,0.8116011590375997,0.5751743784293821,0.9459164551086348,0.08714947133569834,0.010976721255329175,0.29267252212608874,1.1565589599517327e-20
1113.910761244135,0.8140486499437947,0.5886061702946621,0.8199118171144907,0.5718833707187659,0.9483238473214044,0.0676652585917297,0.01079796878534931,0.29532985039998405,5.475138565221001e-21
1118.2790387392101,0.8155928986734153,0.5926966981770833,0.8211764289050647,0.5759162248657776,0.9525044563125583,0.0671562752534178,0.010717254558683019,0.29890097776395397,7.621283334466837e-21
1122.6473162342852,0.8142389575056268,0.5692397480481727,0.81975939966185,0.5517168975593734,0.946518011834561,0.051752753302886825,0.011083930021838728,0.2955185609864395,9.84907606973963e-21
1127.0155937293603,0.8230106827900363,0.5705811595864356,0.8286842453047437,0.5535396322268368,0.9505671468607949,0.034707047521369896,0.010849243234014542,0.29932469836028697,4.312729876118408e-21
1131.3838712244353,0.822514585657693,0.5710302357871575,0.8278611409069548,0.5536983388183258,0.9527136236619752,0.03418711998832989,0.010871907688970485,0.30029117689694607,1.1266066911431318e-20
1135.7521487195104,0.822629309996498,0.5473022850548676,0.8280002579184371,0.5293801837778702,0.9468465873372325,0.01827372603694994,0.011169170818861606,0.2977017283129708,5.238895485146474e-21
1140.1204262145852,0.8312768869712079,0.5520722869264343,0.8367358327655473,0.5347164632846136,0.952149421523922,0.004962865840895704,0.010907812413695601,0.30266363048391676,7.915565784868147e-21
1144.4887037096603,0.8291355236240218,0.5474597030406233,0.8342414642045864,0.5295619802468117,0.9520516646939156,0.004519992757595084,0.011045603260974413,0.30192373962852215,9.263048285154857e-21
1148.8569812047353,0.831133032090209,0.5261225475186733,0.8363502458697109,0.5078609803110106,0.9469405260053312,0.012437238661081622,0.011230027585982235,0.2998077529860246,4.6347270753397706e-21
1153.2252586998104,0.8388551266847972,0.5335828619374563,0.8440765620885962,0.5158893638619398,0.9529549080697235,0.02503677666617208,0.01096717751305385,0.30597071709611756,1.091622768461143e-20
1157.5935361948855,0.83548535394605,0.5226437413356323,0.8403554802282999,0.5041914562513349,0.9506164961901952,0.026951396453246824,0.011208281285945705,0.30452221070406393,4.865021173923913e-21
1161.9618136899605,0.8395880879506438,0.5049164114119392,0.8446392254594177,0.4863625095519276,0.9468003877293593,0.044234321399296395,0.01126019590268746,0.3032961621094339,7.982256380259557e-21
1166.3300911850356,0.8458141824978574,0.514470622506387,0.8507736455938971,0.49639276484628814,0.9528860511938769,0.05778192475207258,0.011034365370930787,0.30920530562905213,8.722814384629418e-21
1170.6983686801107,0.8417359498260598,0.49774018820979954,0.8463817076027746,0.4787842689222147,0.9485248413170326,0.05997969754234658,0.011362322004486829,0.3064041817592954,4.962865029409954e-21
1175.0666461751857,0.8477652226171445,0.48388446675815017,0.8526351113713817,0.465093686436708,0.9463887565709506,0.0791259645676668,0.011263092072768672,0.30707399677680414,1.0476605655616769e-20
1179.4349236702608,0.8521192697642099,0.49362020300449116,0.8567928961616619,0.475117057460584,0.9518738006192426,0.09039460747948097,0.011117575894529762,0.3114966275227504,4.4956737582294144e-21
1183.8032011653356,0.8480862574975601,0.4729987604483346,0.8525183543482562,0.45360360157773555,0.9459002559321702,0.09375279175405996,0.011507212471378855,0.30752615827177326,7.982905213609389e-21
1188.1714786604107,0.8555599611853036,0.46386716933247074,0.8602312631120819,0.4448920629432676,0.945634061213322,0.11417476354149889,0.011248191625128877,0.310434655495997,8.459050742776028e-21
1192.5397561554857,0.8577187255811763,0.4709026920008412,0.8620906728372192,0.4519390184465028,0.9498850836309608,0.12267984640282001,0.011209726901120008,0.31381142257138805,5.157620359288599e-21
1196.9080336505608,0.8545703210339595,0.44787080413537445,0.85879548460883,0.4280907978195916,0.942860468046361,0.1279722265362493,0.011623884606847362,0.3092629495050851,9.937269487558723e-21
1201.2763111456359,0.862941460312169,0.4447225994423083,0.8673896368406632,0.42558216284014927,0.9444380324075065,0.14886126662509444,0.011309885439680166,0.3137955738048175,4.6050476199656885e-21
1205.644588640711,0.8627216774058729,0.44718201517122613,0.8667869340402671,0.4277387199836402,0.9469266688729874,0.1547010370447381,0.011325781553225134,0.31624369468750835,8.354312817083762e-21
1210.012866135786,0.8610933817631471,0.42246208367397897,0.8651176417262406,0.4023640096937228,0.9395053308109051,0.16250121096563835,0.011694526256162106,0.3122373626964456,7.8900023194493e-21
1214.381143630861,0.8697792305900635,0.42527833695545625,0.8739717055188028,0.40596135678159917,0.9426860484896684,0.18294406610973277,0.011396710947052633,0.31754020838648556,5.4309507365278494e-21
1218.7494211259361,0.8673578140663473,0.42283539963611355,0.8711174997342502,0.40293186692094585,0.9430450027937355,0.1865626148591081,0.011495685419673454,0.3177145014263556,9.982468565408153e-21
1223.1176986210112,0.8676127079809796,0.3979464407283027,0.8714421037270953,0.3776337655436077,0.9359066332053748,0.19719002485024295,0.01171947050651451,0.3151300614057593,4.5513505741410695e-21
1227.485976116086,0.8758689977320986,0.4048163222241214,0.8797724831954687,0.3853118615185847,0.9402593200334856,0.21628426466017514,0.011466230625703708,0.3208543362312585,8.973472322497902e-21
1231.854253611161,0.8717837025182765,0.397337566602052,0.8752416369977671,0.37700131363487405,0.9383220101149508,0.21837226023383688,0.011689541274051252,0.31853486800401987,7.483418932511994e-21
1236.2225311062361,0.8741485689034961,0.37498692738414674,0.8777823361687305,0.3545673355357566,0.9321008298479265,0.2318602198297782,0.011710673891107833,0.317708631435426,5.84324334869409e-21
1240.5908086013112,0.8811249714044983,0.383774260188866,0.8847119391444401,0.3640529456752903,0.9370476694520156,0.2488158000684079,0.011516379813653414,0.32390773320175836,1.0401195090348257e-20
1244.9590860963863,0.8760444763794474,0.37030802086593795,0.8792105417880847,0.349557556363161,0.9328672629193536,0.25022186082051817,0.011866398191164824,0.3204229454268408,4.0914316330682144e-21
1249.3273635914613,0.8806184955138517,0.3529537807896513,0.884043188136299,0.3325040025430109,0.9280854597646958,0.2663112500473562,0.01168245208511014,0.3206108853218643,9.836690438940443e-21
1253.6956410865364,0.8856251417323898,0.3623423247309425,0.8888725167141307,0.3423374726468237,0.9329615912460484,0.28053823975122866,0.011555665748630668,0.32675014359500015,7.499276902900265e-21
1258.0639185816115,0.880219411177848,0.3427989866933048,0.8831122612146954,0.32171004536006237,0.9268072977694156,0.2821714700984721,0.012006149349524205,0.32263780203427195,5.801725152491861e-21
1262.4321960766865,0.8867936613464205,0.33104988596277046,0.889986358774586,0.31062964135918025,0.9238196521133902,0.30033391016282873,0.011680936747668697,0.32440428819426126,1.0687251339642875e-20
1266.8004735717616,0.8894566553927639,0.3398814428322165,0.8923434157134834,0.3195488920371886,0.9279423416094454,0.3115108300369738,0.011614071027309303,0.32865719187529807,4.1634195965645035e-21
1271.1687510668364,0.8844724539486576,0.31607005384221193,0.8871135168869966,0.2947805461712662,0.9202731587073859,0.31423716820710323,0.012104272571450431,0.32437030616052676,1.0571252153673885e-20
1275.5370285619115,0.8924620691677457,0.30961760550125333,0.8953967163562933,0.28929496525371784,0.919228701479054,0.33372592044030375,0.011750684379450637,0.3282006452902003,7.064036421750365e-21
1279.9053060569865,0.892637121603048,0.3155822852081008,0.895149218437377,0.294924706773358,0.9219689969816496,0.34183638718526915,0.011764391373312973,0.33001474796582586,5.7033976796941864e-21
1284.2735835520616,0.8889067472340436,0.2901649116816596,0.8913110599653952,0.26881884961873065,0.9133874354633221,0.34638444838637594,0.01215682643097091,0.32589109899155005,1.0926372547279004e-20
1288.6418610471367,0.8975356198073737,0.28922609227360974,0.9001826744427541,0.26904754218832316,0.9142122778080546,0.3663069599361198,0.011830419019674139,0.3318361666936707,4.426316225602779e-21
1293.0101385422117,0.895230829820905,0.28963403723530323,0.8973684239357534,0.26866926732589,0.9150617217762501,0.37163067487276086,0.011947904249354577,0.3321817771499816,1.0664973586795667e-20
1297.3784160372868,0.8934605455042418,0.2644439362944628,0.8956350169096761,0.24316949851519143,0.906252130530922,0.3785274925234047,0.012158044719944826,0.3283292325502764,6.352439025999282e-21
1301.7466935323619,0.9019529005729675,0.26929859268280737,0.9042757399496371,0.24926489570993693,0.9086554583227403,0.39793149116526944,0.01190883857963818,0.335365626550642,6.1459242413673965e-21
1306.114971027437,0.897436528206166,0.26322667985303194,0.8992128613097308,0.24204584388051748,0.907280866677859,0.40099627798852666,0.012135080405789226,0.3338708612042825,1.0855813655824704e-20
1310.483248522512,0.8980048125386664,0.2392679849015845,0.899951923906213,0.21823287522318538,0.8989386181877577,0.41053409417618664,0.012111576701492937,0.33163263652039887,4.123176940080899e-21
1314.8515260175868,0.9055840320637025,0.2486417834988243,0.9075429790282203,0.22874073725755356,0.9024414693979165,0.4284990507183317,0.011973932082670058,0.3383709657089839,1.0484632931851714e-20
1319.2198035126619,0.8994822002572139,0.23685064827642235,0.9009157256718883,0.21561995688190785,0.8987219430327607,0.43002203997551647,0.012312422884537367,0.33480787051148897,6.072943696863226e-21
1323.588081007737,0.9024626824057922,0.2158942288894664,0.9041786838964632,0.1953297189244975,0.8914807585400847,0.4422354494413327,0.012039230867435797,0.3349403218629441,6.4169401743773624e-21
1327.956358502812,0.9083207035476406,0.22682383501119366,0.9098836218579683,0.20705285521993233,0.8954648365966876,0.4579633239250972,0.012012538669291974,0.34085309720684476,1.0340302190445508e-20
1332.324635997887,0.9014923042697492,0.20989866896201806,0.9026034227871924,0.1887945320917805,0.889506943720247,0.45878911520476473,0.012454613009436781,0.33603567328439476,4.006152710050632e-21
1336.6929134929621,0.9067564870029428,0.19465663127671531,0.90822379994625,0.1748194793261439,0.8838719186548459,0.47343945828604195,0.012059713672909608,0.33816905245744605,1.024336335804106e-20
1341.0611909880372,0.9102009104664682,0.2042997848159855,0.9113482333625058,0.18467024778321048,0.8876435815738764,0.48634158370564246,0.012028871430110395,0.3431621218631655,5.919375636326606e-21
1345.4294684831123,0.9035216827409129,0.18228592616831263,0.9043357150953374,0.16154260761238676,0.8797728636368456,0.48735957708485206,0.012537568873610154,0.33803997942215674,6.4604734803602356e-21
1349.7977459781873,0.9107032435476556,0.17469903478255935,0.911889032539099,0.15586944919954207,0.8760662604940511,0.5039457703507066,0.012179938601360747,0.3417840790973834,9.74583012555469e-21
1354.1660234732624,0.9113650231962135,0.18147634953643227,0.9120862177467303,0.16216544413866063,0.878929183372083,0.5137197467590644,0.012125025075781766,0.3448029620863501,4.293538065028202e-21
1358.5343009683372,0.9056550488456999,0.1557140956963759,0.9062004269580644,0.13578960373331433,0.8696585742856554,0.5157577038280036,0.012554847516945113,0.3403855734678709,9.909554007769902e-21
1362.9025784634123,0.914065144916147,0.15543936711736484,0.9149300152260351,0.13797671471509554,0.8679842199670584,0.5335607324188673,0.012278658153444012,0.34565194555585727,5.734530912596065e-21
1367.2708559584873,0.9119339152274532,0.15827839521837286,0.9122262178937681,0.13967748726336573,0.8693132330806972,0.5402358207032014,0.012346226584013865,0.3455092588463633,6.978027857855981e-21
1371.6391334535624,0.9079743915813858,0.13173560010208707,0.908271947085425,0.11338371436505067,0.8592913951065159,0.5439587138583016,0.012516151807236343,0.3425013603503725,9.153144763487777e-21
1376.0074109486375,0.9166852908478337,0.13745218749368832,0.9171908155107767,0.1218313436359385,0.8595216662623353,0.5621107282285203,0.012340621171677769,0.34930706759187924,4.350235676649817e-21
1380.3756884437125,0.9120110576055062,0.13412993567893455,0.9118855801716882,0.11681864650622198,0.8588300358589475,0.5660322687132621,0.012559375780609321,0.34723603062143277,1.008743934663225e-20
1384.7439659387876,0.9104456639663637,0.11064444101701308,0.9105003479101663,0.09501339571264286,0.8487747579542649,0.5718870909977866,0.012437949127019756,0.34464957419684383,5.561323051409438e-21
1389.1122434338627,0.918501175414217,0.12122738324349952,0.918608953494885,0.10807872385473966,0.8505618398758359,0.5894532727519355,0.012371152953360562,0.35255512589527904,7.554571985163563e-21
1393.4805209289377,0.9117686505136164,0.110154148744763,0.9112533111657465,0.09518069537045067,0.8475548221580843,0.5912082300862841,0.012727862451044594,0.34920103596919744,8.867471522997933e-21
1397.8487984240128,0.9129190690176592,0.09264746683418612,0.9127225725607719,0.0813954914350505,0.8381782723208139,0.5994219971895011,0.012368546617115197,0.34781081508329903,4.3923562668212415e-21
1402.2170759190876,0.9194564319382109,0.10655797479899956,0.9191278926556968,0.09680255625356589,0.8409888621328204,0.6154870413669506,0.012381160901756368,0.35505177331994375,1.0668086650597651e-20
1406.5853534141627,0.911431751547587,0.08919316265623284,0.9105627066831427,0.0785332033160406,0.8355976808655071,0.6158172925721158,0.012839392341219159,0.3507227804912688,5.184402399681553e-21
1410.9536309092377,0.915235801700898,0.0796327703381274,0.914771519858581,0.07468868206736577,0.8275312733586573,0.6264074063559848,0.012476720314951437,0.35175636809163957,7.995728889325706e-21
1415.3219084043128,0.9194990180612104,0.09352145194965407,0.9187047955787169,0.08846320956716297,0.8307014216554289,0.6401649873995927,0.012406608398504331,0.35688356233678087,9.03848350233733e-21
1419.6901858993879,0.9111659948012731,0.07394360000393731,0.909976574734134,0.07047399400609783,0.8230937760142666,0.6399030971568185,0.012888864381948917,0.351869552762479,4.509814749761418e-21
1424.058463394463,0.9172614652538397,0.07419403395925987,0.916501582168282,0.0767264608535347,0.8168205922183971,0.6526649605219421,0.012606031489252607,0.35572171169327305,1.0945811256608229e-20
1428.426740889538,0.918673701347655,0.08352510248702313,0.9174039163501293,0.08452566589579869,0.8196251962732645,0.6635145320281522,0.012544890621767803,0.35853459246618957,4.921772312341705e-21
1432.795018384613,0.9110406760867887,0.0667227773163024,0.9095594616745751,0.07233537108520056,0.8101908096373459,0.6635137034844997,0.012875310008369854,0.3535307281587988,8.761398034123658e-21
1437.1632958796881,0.9188215464347856,0.07710541740043163,0.9177230789853059,0.08656596882526835,0.8059928607315685,0.6780076629233344,0.012710648756152234,0.3595637938021179,8.845938662451853e-21
1441.531573374763,0.9171377072380038,0.07937969550216749,0.915400653490431,0.08705773055794173,0.8077226708518557,0.6856525290259304,0.012735954542059533,0.3603427648764588,4.482815900580173e-21
1445.899850869838,0.9110926302995737,0.06934746399658959,0.9093452961741415,0.08270235838081122,0.7970350037945525,0.6866798833490456,0.012811942059877892,0.3559681084178421,1.1238567541087181e-20
1450.268128364913,0.9196986397785875,0.08650958010602484,0.9182107709719058,0.10113854366309381,0.7949611917043459,0.7022526840140119,0.012764094520276572,0.3631416923601789,4.753792716746188e-21
1454.6364058599881,0.9150706322745985,0.0835411525116318,0.912884858210495,0.09717972097379873,0.7949992561169197,0.7067607472757578,0.012922852772949923,0.36158898391628336,9.346522993670442e-21
1459.0046833550632,0.9113418540936461,0.08147076761038077,0.9093446140430392,0.09969076439053036,0.7837570600823142,0.709392309048163,0.012733246726820278,0.35879280001741776,8.280415715923693e-21
1463.3729608501383,0.9197301092883161,0.09978180198175579,0.9178080726464348,0.11779521777423622,0.783615609482439,0.7252319804405556,0.012766479006622741,0.36627602376596313,4.69722940752906e-21
1467.7412383452133,0.9126322279137109,0.09526226254285258,0.9100255099677033,0.11317407394971599,0.7815049797093259,0.7270172229419989,0.013071716583765425,0.362745566642771,1.1530912536638758e-20
1472.1095158402884,0.911720696083683,0.10043575035681009,0.9094693277088531,0.12136895578462736,0.7704595919499319,0.7315942497814987,0.012755588411533902,0.36154066958881914,4.212628974758355e-21
1476.4777933353635,0.9188553474447566,0.11532660223836803,0.9164658293520909,0.13527767817639913,0.7718361917148361,0.7468006492363222,0.012717943844847038,0.36893054076784815,9.43384563459531e-21
1480.8460708304385,0.9100101176260278,0.1109857052568029,0.907023127007135,0.13149079607967673,0.7673314741309564,0.7465328187318894,0.013160236593552409,0.3644964003684974,8.105602879903376e-21
1485.2143483255134,0.91205543581756,0.122769784750488,0.9095247950170807,0.14517516900142724,0.7572074051372534,0.7531855164252402,0.01294226275791854,0.36478434440591545,5.043036180988553e-21
1489.5826258205884,0.917058522146061,0.13244530072541133,0.9141766796902312,0.1534163653919099,0.7595075675125409,0.7668466972788011,0.012700112597696652,0.37090376675687764,1.1083139888647656e-20
1493.9509033156635,0.9074194881712921,0.12975997172593867,0.9041000462195564,0.1518116622602761,0.7526044823178704,0.7653369511094245,0.013182084479772777,0.3664207468262071,3.915029449182349e-21
1498.3191808107385,0.9121503428112515,0.14567704944753312,0.9093047062091426,0.16889109567493518,0.7440217316541587,0.7740318168431215,0.013071640176853049,0.36901196824775984,9.580867233770903e-21
1502.6874583058136,0.9143455298081603,0.15114515522891328,0.9109577670272958,0.17284530859723596,0.7465332362551256,0.7853135496604084,0.012891085196552781,0.3719743403881156,7.795155857829233e-21
1507.0557358008887,0.9050105572571971,0.15207846658367494,0.9013984924422931,0.17512550118984307,0.737472589423383,0.7834207839027564,0.013146361689888187,0.36803071437656787,5.158640181924356e-21
1511.4240132959637,0.9118388699450777,0.1686078107999907,0.9086379983028096,0.1922976359582398,0.7308791260009027,0.7939761560224445,0.013136101918899827,0.3732796676884977,1.0407733272183535e-20
1515.7922907910388,0.9108126055309634,0.17071178220095112,0.9069266532892953,0.19291489073330548,0.7328481494132212,0.8022431960734705,0.013101199333893362,0.37366477506733026,4.160814429007709e-21
1520.1605682861139,0.9028241875330809,0.17685053131991135,0.8989428742258679,0.2005141384148441,0.7220933167595478,0.8007921090901549,0.013067289681657771,0.36933848693267135,9.728186555702622e-21
1524.528845781189,0.9109373479129594,0.19203356248306394,0.907334135332689,0.21595841316690303,0.7177152462285015,0.8128501162624749,0.013142519724917683,0.37711135749469404,7.00262298571344e-21
1528.8971232762638,0.9066653843934133,0.19059711722586928,0.9023121475840828,0.21313710041381434,0.7184281434982988,0.8178005412769493,0.013264993292680329,0.376034820281556,5.4422687165061874e-21
1533.2654007713388,0.9008556027408781,0.20149538441711115,0.8967155297337337,0.22545351322864893,0.706618032459712,0.8174775093176768,0.012997902807949881,0.371409874182367,1.027689033960265e-20
1537.6336782664139,0.909234260817546,0.2156984468051542,0.905177867623178,0.23960402447412915,0.704433215694122,0.8304831975517677,0.013084117748108958,0.38027118092826717,4.105903957856928e-21
1542.001955761489,0.9021214389696535,0.2120531922163694,0.8973430839490629,0.23490460704794688,0.7032951167188982,0.8322187608621938,0.013371526446552737,0.37792316540666937,9.714938864433494e-21
1546.370233256564,0.8990868256093001,0.22544693803091936,0.8946873964845857,0.24956048222442725,0.6911773042845007,0.8334879084363779,0.013197156996342146,0.37500747355300035,6.5652900683071166e-21
1550.738510751639,0.906589932297995,0.23844979774085914,0.9020403734839794,0.26195068514643166,0.6909157495225052,0.8467086431821605,0.013002207082094978,0.3826912847387801,5.865305442403822e-21
1555.1067882467141,0.897347080907037,0.23599132767603442,0.8921864750126279,0.2591202536704655,0.6875172786350355,0.8457054041778869,0.01342559843227897,0.37918464840645383,1.036371729576113e-20
1559.4750657417892,0.8974121276734232,0.2499960998060388,0.8927343169321423,0.2742091180271311,0.6758683180727061,0.8487958774430243,0.013389965588812487,0.37893748926759085,3.9299286509133865e-21
1563.8433432368643,0.9029998861467871,0.2592274762997155,0.8979391094443392,0.2821120413363165,0.6770397896759491,0.8613661479123679,0.013075266215661279,0.38465048270287205,9.841065670854e-21
1568.2116207319393,0.8925184291900645,0.26056522552478845,0.8870197263495222,0.2838207285048085,0.6712043287522603,0.8583843929581456,0.013427277037186061,0.380306549918369,6.400976274360206e-21
1572.5798982270142,0.8956028213818553,0.2754257903926395,0.8906060232056212,0.29962141507320955,0.6607458031964571,0.8633327072247896,0.013524398385180724,0.38289372700207625,6.2329307510348296e-21
