g,wrong_generator,complete_cancellation,transformed_residual,compact_identity
0.015,0.02598076211353316,0.0,0.000128259217516215,0.0
0.02333333333333333,0.0404145188432738,0.0,0.0004831500114915957,0.0
0.03166666666666666,0.054848275573014436,0.0,0.0012090203054254314,0.0
0.04,0.06928203230275509,0.0,0.002440117740871994,0.0
0.04833333333333333,0.08371578903249574,0.0,0.00431214834282404,0.0
0.056666666666666664,0.09814954576223639,0.0,0.006962488347337632,0.0
0.065,0.11258330249197704,0.0,0.010530288834498738,0.0
0.07333333333333333,0.1270170592217177,0.0,0.015156462703994398,0.0
0.08166666666666667,0.1414508159514583,0.0,0.020983548557589583,0.0
0.09,0.15588457268119893,0.0,0.028155450774790668,0.0
