omega_c_t,complete SW,secular SW,JC dispersive
0.0,2.222036301442045e-16,2.222036301442045e-16,2.220446049250313e-16
0.31484620252813156,0.0002666617483953425,0.0002529716071783478,0.0008566905443639722
0.6296924050562631,0.0006145413465095931,0.0006019153496974141,0.0029059715514190864
0.9445386075843947,0.00103741265047029,0.0010411780132270152,0.00539751204633881
1.2593848101125262,0.0015272256070243187,0.0015466216491904668,0.007474786948368312
1.5742310126406578,0.0020801017193645566,0.002094494952891826,0.00858049974104755
1.8890772151687893,0.002696449447387864,0.0026776291927105246,0.008468552406134689
2.203923417696921,0.0033745348602843813,0.0033067485865874843,0.007059395832205708
2.5187696202250525,0.004101573766080061,0.003994531177437541,0.005620389628465588
2.833615822753184,0.004851644303129881,0.004736598714653801,0.008730715559576581
3.1484620252813156,0.005595153033108501,0.0055066498415898765,0.01267674630268228
3.4633082278094474,0.006311260620812122,0.0062656704041295745,0.016316726707598168
3.7781544303375787,0.006990899166869907,0.006975684285423702,0.01887738432894954
4.09300063286571,0.007628799404027737,0.0076117105390525385,0.01968689513476525
4.407846835393842,0.00821378075975512,0.00816649990501982,0.018510178817769157
4.722693037921974,0.008726394282953936,0.008644781589284056,0.01584121194594324
5.037539240450105,0.009145518686123587,0.009051763165523774,0.014737228792160786
5.352385442978236,0.009458378472375704,0.009384658628463403,0.018590287674491758
5.667231645506368,0.00966553506592409,0.009631086666705969,0.023060930373392977
5.9820778480345,0.00977606274998387,0.009773840127291565,0.02658027123659322
6.296924050562631,0.009796934929940663,0.009800832760550814,0.028470260807468898
6.6117702530907625,0.009726641165321457,0.009714735095889358,0.028332455232495384
6.926616455618895,0.00955947482701808,0.009534124840676759,0.02624743425655445
7.241462658147026,0.009296880171221817,0.009285235072945364,0.023090251059074425
7.556308860675157,0.008955370367901557,0.008990918538810292,0.022379275250350522
7.871155063203289,0.008563330197412386,0.008662420368003725,0.02582279109804108
8.18600126573142,0.008149026806397081,0.008298176367442997,0.029249277368904508
8.500847468259552,0.0077297081490847975,0.007893181594625131,0.03157463811182733
8.815693670787685,0.007309645360840396,0.0074528202554955255,0.03239965676516959
9.130539873315815,0.006886998213561018,0.0069974483099294,0.03162098060291313
9.445386075843947,0.006463537825587092,0.006553779084469597,0.029559493200834824
9.760232278372078,0.006049682470020842,0.006142764487404036,0.027017314695129177
10.07507848090021,0.005659930634336194,0.005772377106189741,0.02654937561607172
10.389924683428342,0.005301884180392088,0.00543491274845056,0.028052796873123825
10.704770885956473,0.00497569728218834,0.00511389852550584,0.02908455765400196
11.019617088484605,0.004749957473099212,0.004827209686268167,0.02965565018536731
11.334463291012735,0.004585670821781041,0.004639648668120287,0.02984039656833923
11.649309493540867,0.004404717601354701,0.004460017940195526,0.029880593337907456
11.964155696069,0.004235906744659018,0.004294405220258906,0.03006999461241848
12.27900189859713,0.004167224332582063,0.004221821728574145,0.02962707607401123
12.593848101125262,0.00425390751560014,0.004291942173238588,0.029604448098623292
12.908694303653395,0.004493542480126981,0.0045018871023333636,0.0315636044554935
13.223540506181525,0.004870899571686673,0.004840597942339268,0.03424646576951197
13.538386708709657,0.005368003938905736,0.005293141962934116,0.036939235385444705
13.85323291123779,0.005967231166668897,0.005841295878268297,0.03872866568632461
14.16807911376592,0.006652273440087456,0.006468679654011234,0.03889046381086052
14.482925316294052,0.007404531559329413,0.007162982585640297,0.037174621228004114
14.797771518822183,0.008197690594807655,0.007910766939175692,0.03412595857362938
15.112617721350315,0.00899733660631136,0.008690131569462616,0.03483384605504916
15.427463923878447,0.009768662363568142,0.009469727552365604,0.03907487442834189
15.742310126406577,0.010485577272166511,0.01021417469917648,0.04320738841295696
16.05715632893471,0.011132115308506808,0.010890654305826168,0.04632921678947735
16.37200253146284,0.011696313557078269,0.011474949981311685,0.04772922582743421
16.686848733990974,0.0121649428114303,0.011955805419360426,0.0470411603427037
17.001694936519105,0.01252513655664599,0.012334665009146619,0.044506252510471134
17.316541139047235,0.012771317125032624,0.012620628302431533,0.04168106406490704
17.63138734157537,0.012910730476948469,0.012823431634808315,0.043455724713454075
17.9462335441035,0.012961260042335672,0.012946867562446082,0.04807336016848966
18.26107974663163,0.012941291424337219,0.012986193596326957,0.052234932255555894
18.57592594915976,0.012859115016466312,0.012933805747163888,0.05500439689235608
18.890772151687894,0.012710841387877727,0.012789892049328951,0.05589701820017769
19.205618354216025,0.012489030510288353,0.012567940816026878,0.05483365871358742
19.520464556744155,0.012195392216262025,0.012291167578708097,0.05232507412179007
19.83531075927229,0.01184704327467409,0.01198427746378855,0.050147009441983165
20.15015696180042,0.011470639865695985,0.011664070813701747,0.05202738987009384
20.46500316432855,0.01108982529204991,0.011332780278033527,0.05531657121410016
20.779849366856684,0.010718090454984964,0.010983585212110077,0.05786907201598164
21.094695569384815,0.010361952332352686,0.010617370028958772,0.05923975470664741
21.409541771912945,0.010029545862029626,0.010251365626024998,0.0592922838895462
21.72438797444108,0.009750849491920201,0.009911601444790377,0.058196087365274284
22.03923417696921,0.00957336801759533,0.0096422350415966,0.05648971907156612
22.35408037949734,0.009388970581706622,0.0094913300091711,0.05518734453201547
22.66892658202547,0.009154242561993368,0.009301526126489053,0.0555582904871655
22.983772784553604,0.008951932944043735,0.009107863726767404,0.05594755321132762
23.298618987081735,0.008840380809556982,0.00897340492856017,0.056843680264603014
23.613465189609865,0.008802108151355403,0.008898227264293576,0.05854192264990138
23.928311392138,0.00883033656093037,0.008884705870874244,0.06008419164892564
24.24315759466613,0.008947044668746209,0.008956840858344261,0.06060189778530408
24.55800379719426,0.00918900851694966,0.00914917430102953,0.05964978269478534
24.872849999722394,0.009578401517768245,0.009481245572454873,0.05739223031335018
25.187696202250525,0.010104129870884233,0.00994340726278491,0.05963443378185338
25.502542404778655,0.010730945603837536,0.010506567155394081,0.06256570541021625
25.81738860730679,0.011419604929448542,0.01113746577927809,0.0655125043166627
26.13223480983492,0.01213920557037336,0.01180695758983177,0.06763852844254661
26.44708101236305,0.012868184314897741,0.012492601839428949,0.06815944250326952
26.761927214891184,0.013589099013540624,0.013178366337661148,0.06667293391018468
27.076773417419314,0.014283558827037959,0.013851877907013366,0.06341957056791148
27.391619619947445,0.014931931818715452,0.01450069762856477,0.06086185489999925
27.70646582247558,0.015517734256111845,0.015110427925052855,0.06450357143737512
28.02131202500371,0.016030729616712217,0.015664276711148867,0.06901918342324702
28.33615822753184,0.016463542384639908,0.016142664025637937,0.07278503182047771
28.65100443005997,0.0168051962866788,0.016525568878907677,0.07504924558347528
28.965850632588104,0.01704006926636563,0.016799044171548483,0.07533030432005597
29.280696835116235,0.017155476930427124,0.016961437958250315,0.07363196227582638
29.595543037644365,0.01715242778652808,0.01702481162460584,0.0707918652518561
29.9103892401725,0.01705039760611124,0.017010271690048172,0.07005688814938815
30.22523544270063,0.016880456905289994,0.01693740348774072,0.07391308251615186
30.54008164522876,0.016670089896887216,0.01681306944544976,0.07835440575945521
30.854927847756894,0.016430730920165837,0.016631165910422976,0.08178639385363626
31.169774050285024,0.016157053625153656,0.016385525109074022,0.08362324909698397
31.484620252813155,0.015837845522278397,0.016081471475486324,0.08365247182369885
31.79946645534129,0.015471315347341584,0.01573658017903004,0.0821274765186152
32.11431265786942,0.015077211658096116,0.015377114013005816,0.08000210997500021
32.42915886039755,0.014718376430362837,0.015038294981391746,0.07989658088407142
32.74400506292568,0.014554785119664224,0.014765810435337378,0.08237035293628525
33.05885126545381,0.014471228785189848,0.01457225442201524,0.08465649927144808
33.37369746798195,0.014338144949658193,0.014401413244532917,0.08610858716436093
33.68854367051008,0.014150504815211889,0.014223922891190774,0.08660298248664995
34.00338987303821,0.013898499659734775,0.01402135405014067,0.08620272614738814
34.31823607556634,0.013561149359961066,0.013759898999562207,0.08523711091731051
34.63308227809447,0.013126228932152813,0.013409414139377891,0.0842837436064793
34.9479284806226,0.012969321572118938,0.013243432442668016,0.08392902877261096
35.26277468315074,0.013133888469016846,0.013339750703586683,0.0846807228147887
35.57762088567887,0.01337551989788708,0.013494649255515426,0.08640373489284443
35.892467088207,0.013682698804750572,0.01370656924438135,0.08855061913650308
36.20731329073513,0.014053875891794444,0.01398238001432536,0.09025817799640663
36.52215949326326,0.01449932207894374,0.014336299023887332,0.09070168370242551
36.83700569579139,0.015034447114222919,0.014783955034467085,0.08939920549464683
37.15185189831952,0.015664829188293226,0.015330406661347263,0.08637979664630288
37.46669810084766,0.016374133029741937,0.015961004206794933,0.08586300923598322
37.78154430337579,0.017127065185318608,0.01664539194041265,0.08909477233988948
38.09639050590392,0.01788351782857555,0.01734936970849059,0.09236580611143468
38.41123670843205,0.018609446035441075,0.01804234003151782,0.09494308157743933
38.72608291096018,0.01927873967217645,0.0186985116942017,0.09605123054491393
39.04092911348831,0.019871068926424942,0.01929730376777141,0.09517664520660968
39.35577531601645,0.020371560530830203,0.019825185857862627,0.09235008266067476
39.67062151854458,0.020773843701250037,0.020277333657574004,0.08865551336773941
39.98546772107271,0.02108297674692107,0.02065678554000483,0.08957438841996816
40.30031392360084,0.021312030549005212,0.02096844662444892,0.09423020853065738
40.61516012612897,0.02147081970998508,0.021209481805664572,0.09863852389767969
40.9300063286571,0.02155519326932449,0.02136581808222532,0.10184182888029558
41.24485253118523,0.02154780629267254,0.0214206845357918,0.10327247510050439
41.55969873371337,0.021431853519693164,0.021367606763620022,0.1027468065988972
41.8745449362415,0.02120858682946093,0.021218364126835882,0.10070843965454276
42.18939113876963,0.020906321265525843,0.02100310299816833,0.09890892472935792
42.50423734129776,0.020573014427210493,0.020760377795953557,0.10097011976260298
42.81908354382589,0.020254318841268985,0.020515803376660584,0.1052020430507826
43.13392974635402,0.019971464370043733,0.020265855597680994,0.10896106289675406
43.44877594888216,0.01972004337191689,0.019992298451539357,0.11145891699155078
43.76362215141029,0.019497058016504552,0.01969105148637399,0.11239692308949278
44.07846835393842,0.019330320726221546,0.01938616057646011,0.11184680501894426
44.39331455646655,0.019228783804399754,0.019164877507460314,0.11036410447262343
44.70816075899468,0.019113705034006046,0.019099624964534108,0.10930229105611336
45.02300696152281,0.018921160730699667,0.019002304053683916,0.11036000174540495
45.33785316405094,0.01865849590104196,0.01880873664766483,0.11190196838205066
45.65269936657908,0.01837039654304675,0.01855891212237703,0.11295915721705417
45.96754556910721,0.018090490933163644,0.018301926017199772,0.1134992494620369
46.28239177163534,0.017830827279761083,0.018061843016587593,0.11360811042635616
46.59723797416347,0.0176290530077724,0.01786815950958114,0.11360846875241587
46.9120841766916,0.017602059579665583,0.017816911698202494,0.11364753265984359
47.22693037921973,0.01783245557352467,0.01798274898230906,0.11307336736549174
47.54177658174787,0.018263821833966416,0.01831232610600963,0.11359520523508561
47.856622784276,0.018816591601638327,0.018738421051815893,0.11530272491300322
48.17146898680413,0.019436532223332602,0.019224678351927604,0.11744685164377872
48.48631518933226,0.02009313219374645,0.019756652475975377,0.11919637558407292
48.80116139186039,0.02077401023126762,0.020330944927536895,0.11967964357766019
49.11600759438852,0.02147586554561668,0.020946113770653977,0.11830568859087609
49.43085379691666,0.022193761485684534,0.021595375684637267,0.11499443672586959
49.74569999944479,0.02291418755609264,0.022263163125712387,0.11046470367443935
50.06054620197292,0.023615704178534994,0.022927914678242442,0.11389055361022885
50.37539240450105,0.024274028101254563,0.023567239653167413,0.11759183092140403
50.69023860702918,0.02486465618732256,0.024158909894866874,0.12076497055124093
51.00508480955731,0.025362208566245156,0.02467910984539877,0.12268416033900381
51.31993101208544,0.025742006069812282,0.02510454664309883,0.12277001075497648
51.63477721461358,0.025987213590890117,0.02541965320026717,0.12087259872490393
51.94962341714171,0.02609867431165137,0.025624469195735078,0.11760069909319819
52.26446961966984,0.026099733598636553,0.02573755974837865,0.11594240865892105
52.57931582219797,0.026027904430691827,0.025787425343549344,0.1197450830643243
52.8941620247261,0.02591370323362352,0.025791806914099973,0.12461139957765213
53.20900822725423,0.025761362954880247,0.025742650710486877,0.12867169027622416
53.52385442978237,0.025548780597819735,0.025615565810098506,0.13123434161815145
53.8387006323105,0.025247104115184438,0.025392588627332735,0.1319749482805027
54.15354683483863,0.024845299964056614,0.02507691354043249,0.13106121002073118
54.46839303736676,0.024369889720189202,0.02469948537229131,0.1294755882426226
54.78323923989489,0.02398422221112812,0.024336357239945868,0.1297899121199602
55.09808544242302,0.02410328003158064,0.024144722199807633,0.1330844101616641
55.41293164495116,0.02420894192425968,0.024126338098275295,0.13668764689267227
55.72777784747929,0.024185819649511282,0.024081229604007943,0.13940480784065262
56.04262405000742,0.02405458343924146,0.023971842839962475,0.14087350090062323
56.35747025253555,0.02382930772712038,0.023816325813448207,0.14105160553376345
56.67231645506368,0.023506562804899774,0.023608667719141878,0.14024681728714458
56.98716265759181,0.02308278946500577,0.023322805634290608,0.13918659007628653
57.30200886011994,0.022602674805904506,0.022964764490654876,0.13898817185969148
57.61685506264808,0.0222396183574197,0.022647300108220095,0.13944012497721422
57.93170126517621,0.02215047877029136,0.02250639571067055,0.13988449778085588
58.24654746770434,0.022231883629507693,0.02249929486848449,0.14095291489425182
58.56139367023247,0.022403564296196124,0.022577701934409097,0.14250915964399735
58.8762398727606,0.022664325624007307,0.022746000369455153,0.14354409971346954
59.19108607528873,0.02304877545449163,0.023032648447139592,0.1433081690520168
59.50593227781687,0.02358753459915674,0.0234584758267282,0.1416605422285151
59.820778480345,0.024271927903978422,0.024009604837656993,0.14073320048338683
60.13562468287313,0.025053520041002447,0.02464357864358873,0.1423205903375917
60.45047088540126,0.02587200022098242,0.025316567649123437,0.14449684743195795
60.76531708792939,0.026678681695700226,0.025998960857869624,0.14637933271799713
61.08016329045752,0.027442850114562288,0.026673170065591032,0.14710881969116574
61.39500949298565,0.028146933914364798,0.027325493054980842,0.14601426142312368
61.70985569551379,0.028780279487108665,0.027941656224865954,0.14288260060836505
62.02470189804192,0.029337258222453914,0.028508612985205815,0.1381414539924388
62.33954810057005,0.02981815975802768,0.029019365530403414,0.13752750594691893
62.65439430309818,0.030226344404226994,0.029472640166230277,0.14169963848452766
62.96924050562631,0.030558959143881,0.029863338735562253,0.14560185389264388
63.28408670815444,0.030798761184646896,0.03017362131856541,0.14851040267019933
63.59893291068258,0.03091715697669567,0.030376831075987643,0.14981784752084293
63.91377911321071,0.030889498434406467,0.030451917733591922,0.14922801423333418
64.22862531573884,0.030714844210177436,0.03039834145076411,0.14704398157481785
64.54347151826697,0.030429262860811695,0.030245495343897987,0.14484048532660873
64.8583177207951,0.03010159900299573,0.030049431709426762,0.1466388771401847
65.17316392332323,0.02980393204761737,0.029863737308258257,0.15142132436582004
65.48801012585136,0.029565457711625852,0.029695124759187425,0.15605551081782737
65.80285632837949,0.029357222798143866,0.02950178108586286,0.15952342532040614
66.11770253090762,0.029145529049528558,0.02924397816475261,0.16138382737603174
66.43254873343575,0.02896895303530956,0.028922788618773558,0.16160378806635634
66.7473949359639,0.028925319917592188,0.028626819402905783,0.1607280807013433
67.06224113849203,0.028961463846399756,0.02861783445638999,0.1602519399799318
67.37708734102016,0.028929497545684885,0.028714080518391825,0.1620627481815637
67.69193354354829,0.028769234586667927,0.02867658251381668,0.16494169862782435
68.00677974607642,0.02849247429362589,0.02849970418230504,0.1673491895726133
68.32162594860455,0.028127238742609258,0.028229999129927356,0.168853270985555
68.63647215113268,0.02768231642721003,0.027898439981226257,0.16936282111173048
68.95131835366081,0.027142765469466677,0.027497405689171577,0.16901485225820717
69.26616455618894,0.02649101556266796,0.02699646406362828,0.16821611324418909
69.58101075871707,0.025933905623897753,0.026482302199430954,0.16750389235025293
69.8958569612452,0.026323732577344473,0.026757598449116234,0.16743916247465684
70.21070316377333,0.02683534332605572,0.02710514422786433,0.16849205403171244
70.52554936630148,0.027396829681299528,0.02748680130592626,0.17019782289494823
70.8403955688296,0.027990785064847902,0.02790679512269698,0.17190568237560042
71.15524177135774,0.028620491361331574,0.028380692026150095,0.17276823763087543
71.47008797388587,0.02930284940559314,0.028925617880019995,0.17209165135805438
71.784934176414,0.030053472217151718,0.0295488372373421,0.16963820142124375
72.09978037894213,0.030869113720876085,0.030238152188376985,0.1663970063253897
72.41462658147026,0.03172006335243088,0.03096268435273533,0.16716035880708977
72.72947278399839,0.03255980173801461,0.03168566862616086,0.16947560443982615
73.04431898652652,0.033341500997666806,0.03237638448247804,0.17166432349628574
73.35916518905465,0.03402726215152086,0.03301124831609169,0.17289723384821923
73.67401139158278,0.0345891004729293,0.033569281298882675,0.17246847480638033
73.98885759411091,0.035009864777446345,0.03403149842347841,0.17003860845819932
74.30370379663904,0.03528899179300396,0.03438780134754513,0.165876694518859
74.61854999916719,0.035447825599362076,0.03464666394290005,0.16216698220653858
74.93339620169532,0.03552263470099862,0.03483403542104076,0.1656321553326977
75.24824240422345,0.035541362372028186,0.03497165906589439,0.17025829236374196
75.56308860675158,0.035500712028698256,0.035052144251767656,0.17422380064679555
75.87793480927971,0.035366456271743466,0.035041126988807736,0.17686336130061542
76.19278101180784,0.035097317049258045,0.03490339790829874,0.17777089691376913
76.50762721433597,0.03467425614799098,0.034626787418021054,0.17700659497252713
76.8224734168641,0.034123985796209656,0.03423726712578745,0.17547326503250943
77.13731961939223,0.033571881403412995,0.03382170413418825,0.17577370277112064
77.45216582192036,0.03354927185625649,0.0335725620401365,0.17961245054711147
77.76701202444849,0.0338505519024984,0.033603922191969025,0.18431087392541895
78.08185822697662,0.03401479051547161,0.03367713610069961,0.18826038550165908
78.39670442950475,0.03402791903775153,0.03366647740814291,0.1908780059953722
78.7115506320329,0.033923826612110825,0.033593520116883484,0.19199206616752362
79.02639683456103,0.033722554816150094,0.03349023171845382,0.1918619398616307
79.34124303708916,0.033420337152269455,0.03334259538127364,0.19133137191729
79.65608923961729,0.03301400114649339,0.03310871690956237,0.19182417618077782
79.97093544214542,0.03253750201308074,0.03277830385625026,0.1934991229780876
80.28578164467355,0.032060348673982886,0.032395400164426866,0.19508714566489116
80.60062784720168,0.03163908711844013,0.03202305958172556,0.19613571404793542
80.91547404972981,0.03128922315714697,0.03170038191047362,0.1966077831414337
81.23032025225794,0.0310309140162291,0.031452934182303424,0.19660076784678227
81.54516645478607,0.030973805875542305,0.03136431756808665,0.19655516942710946
81.8600126573142,0.03126863506059939,0.03156371489430901,0.1965060389889593
82.17485885984233,0.031885924207030646,0.03202338047014157,0.19622839620773624
82.48970506237046,0.03268582449983476,0.03261826576735009,0.19684201004227575
82.8045512648986,0.033557189113917835,0.03326479486737695,0.19822622419374158
83.11939746742674,0.03443487794290227,0.033929093319116935,0.199687791528849
83.43424366995487,0.035289776991375484,0.03460569807740241,0.2003617709589134
83.749089872483,0.03611441901855756,0.035296150557015155,0.19947238426227043
84.06393607501113,0.036908899344314204,0.03599497991951516,0.1966319329033696
84.37878227753926,0.03767131808660882,0.036686964993898535,0.192103132157091
84.69362848006739,0.038392895933842916,0.037352647455914816,0.18997272713753333
85.00847468259552,0.03905616538169006,0.03797392527982488,0.19258583772401391
85.32332088512365,0.039635248546650036,0.0385333357389436,0.19532559447531742
85.63816708765178,0.040097834646934276,0.039009331284163146,0.19734757517248833
85.95301329017991,0.040409580470012224,0.03937537757575267,0.19795901079023548
86.26785949270804,0.04054348522813058,0.03960635397812072,0.19672392372782738
86.58270569523617,0.04049550013939156,0.03969125599211692,0.1937334580757592
86.89755189776432,0.04030021573992627,0.03964933575901061,0.19014698346496212
87.21239810029245,0.04003101356719806,0.03953692843749942,0.19087400066139126
87.52724430282058,0.03976788223189942,0.03942063565632198,0.19570580207013616
87.84209050534871,0.03954124534573847,0.039319623155130545,0.20057871689562656
88.15693670787684,0.039309900780041276,0.03918565769886326,0.20444969416253506
88.47178291040497,0.039012318310146656,0.038953837214167834,0.2068039848423949
88.7866291129331,0.03865010198402932,0.03859289795766102,0.2075103362528215
89.10147531546123,0.03841485766403367,0.038125749290949446,0.20705314346470802
89.41632151798936,0.03856563204709995,0.03781585218614344,0.20696591972907025
89.73116772051749,0.038812407125399115,0.03814076014840345,0.20939481020016837
90.04601392304562,0.03891190224300282,0.03839269147508201,0.21349097727350597
90.36086012557375,0.03882188039690215,0.03843482918220317,0.21735417220118342
90.67570632810188,0.03856586625527743,0.03830862266380523,0.22020804165375962
90.99055253063003,0.03817159865112407,0.0380685096445027,0.22179189994058632
91.30539873315816,0.03764706243909331,0.03773693202300231,0.2221779927299388
91.62024493568629,0.036988691459924845,0.03730115279288215,0.2218253241371732
91.93509113821442,0.03622816661482955,0.036760103907198007,0.2215635300135636
92.24993734074255,0.03554955084544519,0.036225917814978636,0.2219208878040701
92.56478354327068,0.035336052846551474,0.0359715911232002,0.22237021948907626
92.87962974579881,0.03551829995838911,0.036005636966116916,0.22289480848626236
93.19447594832694,0.03584671661290299,0.03617373521898214,0.22405227923499488
93.50932215085507,0.03626393081809273,0.036440980568590825,0.225377218305612
93.8241683533832,0.03679515430432019,0.03682690487500301,0.22587549231998322
94.13901455591133,0.03748498740559841,0.03735828224724848,0.22502370535810617
94.45386075843946,0.03834528987976679,0.03803211641162308,0.22335184143995723
94.7687069609676,0.03932861798976535,0.038800784440903596,0.22296844307980562
95.08355316349574,0.04035216403572016,0.039599434531122274,0.22397193965369266
95.39839936602387,0.04133968833527238,0.04038085384489538,0.22526328076514185
95.713245568552,0.04224197784933911,0.04112332951021033,0.22593726774126816
96.02809177108013,0.04303306508922579,0.04181650004540864,0.22517598079695247
96.34293797360826,0.04370037203684253,0.04244689643568398,0.2224668680572731
96.65778417613639,0.044242371055872115,0.042998133621351554,0.2178180776814846
96.97263037866452,0.04467115884242803,0.04346338635102265,0.21196917100006535
97.28747658119265,0.04500701214803156,0.043851850331403416,0.21448449635424435
97.60232278372078,0.04526020668642339,0.044174281178086305,0.21806132577331508
97.91716898624891,0.04541483135747834,0.04442048202063893,0.22114198625031134
98.23201518877704,0.04543149387451818,0.04455650275241295,0.2230927818382258
98.54686139130517,0.04526695886214944,0.04454332431043457,0.22342363281451239
98.86170759383332,0.044899508291085036,0.04435888166154247,0.22205467687582525
99.17655379636145,0.04435472895830121,0.04401883202690903,0.2196987062807375
99.49139999888958,0.04373777484998968,0.04360264418657697,0.21903712471464537
99.80624620141771,0.04331385357480859,0.0432735905076074,0.2228971011196969
100.12109240394584,0.04338738913291196,0.043181358713538176,0.22818833394159596
100.43593860647397,0.04363698221292336,0.04322827743903823,0.23293996404446737
100.7507848090021,0.043788964378161065,0.04323674189901639,0.23643673541888438
101.06563101153023,0.043836143426334004,0.04318244466205394,0.23839532208156375
101.38047721405836,0.04382178095235907,0.04314015647040528,0.2390052791874047
101.69532341658649,0.043746843962941984,0.043153344769866514,0.2391500902802045
102.01016961911462,0.043565778113809114,0.04314749507783944,0.24043523106451126
102.32501582164275,0.04324382595165746,0.04302048146514136,0.24335952266100186
102.63986202417088,0.04279138773037715,0.042743447462730455,0.2465281160170513
102.95470822669903,0.042242210364685416,0.04235082516802775,0.2490287358315602
103.26955442922716,0.04161507018635916,0.04188525006850753,0.25056021075032875
103.58440063175529,0.040898378342416275,0.041354812482582,0.25108786147487844
103.89924683428342,0.04006553262125158,0.04072849019735865,0.25082435983892587
104.21409303681155,0.03915049021680723,0.039985317374014395,0.2502032415656551
104.52893923933968,0.03927793466789939,0.0399788920054913,0.2495684442309698
104.84378544186781,0.04006166118468307,0.040534483381579514,0.2499029736629989
105.15863164439594,0.040910210980286944,0.04111468505813819,0.2511690994037656
105.47347784692407,0.04176922802974413,0.04170647937938535,0.25273048053246383
105.7883240494522,0.042627927541225984,0.042326963841923054,0.25388110288575894
106.10317025198033,0.04350061299485842,0.042998959123650635,0.25384886526754774
106.41801645450846,0.04441000814815868,0.04373484355704334,0.2521494281438852
106.73286265703659,0.04536728516794186,0.044527541180978264,0.24902954961042073
107.04770885956474,0.04635431534120408,0.045347670410045234,0.2467497253264942
107.36255506209287,0.047322223511349466,0.04615167996097287,0.24722623728270882
107.677401264621,0.048210699313355074,0.046898985347427966,0.24854023591974528
107.99224746714913,0.04896883565909674,0.047562232845383565,0.24950562282811556
108.30709366967726,0.04956074091626414,0.04812264912348223,0.2492829397081978
108.62193987220539,0.049963057277084805,0.04856087315829723,0.2472756896674291
108.93678607473352,0.05017014122098806,0.048859484989558166,0.24333738337361316
109.25163227726165,0.05020804897676862,0.049021702373625756,0.23795975129999358
109.56647847978978,0.05013789313162219,0.049087500235187875,0.23653480640299548
109.88132468231791,0.050025871738195574,0.04911449396463667,0.2409472084852325
110.19617088484604,0.049891597845868885,0.04912342134194443,0.2452200866752086
110.51101708737417,0.04969015648452837,0.04907188473094797,0.24864573246097088
110.82586328990232,0.04935090489103619,0.04889168848610181,0.2507005657979452
111.14070949243045,0.04882853483314016,0.04853510462630818,0.2511606808704697
111.45555569495858,0.048144778798484195,0.047992613502322506,0.25040238067521997
111.7704018974867,0.0476370190510753,0.04730672947945685,0.24994670200827918
112.08524810001484,0.04811857296320465,0.04707745121789264,0.2524407394222024
112.40009430254297,0.048633030304548144,0.04768467939914924,0.2573681817178284
112.7149405050711,0.0488950019290772,0.04804891815494842,0.2624162907924864
113.02978670759923,0.04891258689220965,0.048169125917931876,0.266532977832642
113.34463291012736,0.04873380614182444,0.048119650330375976,0.2692995192943583
113.65947911265549,0.04839654465548625,0.047961829876441375,0.27069852692452545
113.97432531518362,0.047911563536208714,0.04770921139190937,0.2711997095103887
114.28917151771175,0.047283554449957216,0.04734165705931519,0.2718094128060072
114.60401772023988,0.04655790349346128,0.046859256532088854,0.27337351417190037
114.91886392276803,0.045838007982564294,0.046317708465092595,0.27535247974583377
115.23371012529616,0.04522917732671966,0.0458017975519794,0.27696294981519376
115.54855632782429,0.04476784295355376,0.04537141330459027,0.27796002841095985
115.86340253035242,0.04444900328328219,0.045053186225570876,0.2783137143416651
116.17824873288055,0.04433597814377441,0.04490249772644398,0.27816040882476256
116.49309493540868,0.044603736758514465,0.0450616053744782,0.27812318783620027
116.80794113793681,0.04532287209981327,0.04558885499104531,0.27810927785515027
117.12278734046494,0.0463432610280167,0.046342868800087644,0.27807044721885865
117.43763354299307,0.04748322347489045,0.047173273544530055,0.2786567952590806
117.7524797455212,0.0486231261960301,0.04800400205139374,0.2796363275349686
118.06732594804933,0.04970549525301432,0.04881742811369595,0.2802981808536017
118.38217215057746,0.05071325786947009,0.04961910919032052,0.27982004474560784
118.69701835310559,0.051646261284138344,0.050408583135947524,0.2775920192202158
119.01186455563374,0.05250742212553679,0.05117097886290381,0.273543803559013
119.32671075816187,0.05329680925316404,0.051885582483540804,0.2689471084771618
119.64155696069,0.05400524051469329,0.05253470829856646,0.26825385770900834
119.95640316321813,0.05460858409663705,0.053102495434844736,0.2698881935826616
120.27124936574626,0.05507016039473564,0.053568733311506966,0.2715260009488347
120.58609556827439,0.05534913014673121,0.053906818390796064,0.27228389697032296
120.90094177080252,0.05540912589229621,0.0540866366916878,0.27152931289696314
121.21578797333065,0.05523118310745697,0.05408345912680525,0.2689968283306512
121.53063417585878,0.054837535509986,0.05389994480081163,0.26506093501073735
121.84548037838691,0.054320632329350034,0.053598649092800404,0.26206102739162185
122.16032658091504,0.05385169719550785,0.053311093811283225,0.2654023146054064
122.47517278344317,0.05359967056896289,0.05315470352152854,0.27058308257332475
122.7900189859713,0.0535447543931393,0.05309544586116689,0.27534277983538413
123.10486518849945,0.05352280286095656,0.052998384908548274,0.27899626102908326
123.41971139102758,0.05347582797355181,0.052796253926143275,0.2811930392572346
123.7345575935557,0.05348669225877032,0.05255924088006537,0.2820406994218542
124.04940379608384,0.0536145239436618,0.05250510804181098,0.2824090945952258
124.36424999861197,0.0537618395015774,0.05271418461452593,0.2841039415924304
124.6790962011401,0.0537823691760147,0.05292226495720201,0.2880182480722012
124.99394240366823,0.05360344904160977,0.05294580353113071,0.29265746132052095
125.30878860619636,0.053225969085179195,0.0527666179822637,0.2967376933012499
125.62363480872449,0.05267692577585771,0.05243272605901559,0.29972003774522504
125.93848101125262,0.05197119968446379,0.0519829569835308,0.3014551074452885
126.25332721378075,0.05110310067805503,0.05141403898363142,0.3021419235660161
126.56817341630888,0.050080152704171335,0.05070800167148071,0.30234628868856345
126.88301961883701,0.049026693617272826,0.0499291999631363,0.30272540904975614
127.19786582136516,0.04844144569495206,0.04940347610517721,0.3032938287638386
127.51271202389329,0.04864726970276938,0.04940565909395643,0.30373271197491153
127.82755822642142,0.049148292660097834,0.04965965529621894,0.30433184211231323
128.14240442894953,0.049745779525301695,0.050028776393913676,0.30549512665066303
128.45725063147768,0.05043677873767491,0.05051427625157767,0.3065301478591792
128.7720968340058,0.05127164607020539,0.05114566372424019,0.3065337123610977
129.08694303653394,0.052289355388839255,0.05193567503128635,0.30531697188415907
129.40178923906208,0.053464217516823245,0.0528464443244188,0.30387433027772853
129.7166354415902,0.05470362676450071,0.05379764156401665,0.30348545104967417
130.03148164411834,0.05590052265881578,0.054714920833511344,0.3038743158877868
130.34632784664646,0.05698020379854549,0.05556193529713757,0.30418863742914265
130.6611740491746,0.05790643504105679,0.05633048205244252,0.3035618531383085
130.97602025170272,0.05866400903311651,0.05701283429808222,0.3012877828242717
131.29086645423087,0.059248565363422684,0.05759051877712204,0.29706928705580826
131.60571265675898,0.05967287738297548,0.058049921247790084,0.2912818408543845
131.92055885928713,0.0599701116029774,0.05840251644730253,0.28775749629278335
132.23540506181524,0.060172105172614634,0.05867633048292818,0.29013261566729465
132.5502512643434,0.06027590341803784,0.05887900009504707,0.2928795427204008
132.8650974668715,0.06023709947194883,0.05897812905020419,0.29502479452938457
133.17994366939965,0.05999535436277089,0.05892032146726765,0.2959586654125973
133.4947898719278,0.059503804477604616,0.058659139922681194,0.2953319725645972
133.8096360744559,0.058750209982177004,0.05817630192921874,0.29333828171353876
134.12448227698405,0.057778313346646265,0.05751536514945478,0.2913349009267047
134.43932847951217,0.056920124243158045,0.056894430541902095,0.29292128301320924
134.75417468204031,0.05770780854836738,0.05691852798287275,0.2980666608039629
135.06902088456843,0.05839874512271011,0.05737618236636786,0.30365685634791184
135.38386708709658,0.05877600818497575,0.05769060158904725,0.3084795037629014
135.6987132896247,0.058903401785939155,0.05781501350384358,0.312023822550725
136.01355949215284,0.05885722275437476,0.057830321203642995,0.3141873014752939
136.32840569468095,0.058674082313044815,0.05779542960406707,0.3154145601671158
136.6432518972091,0.05834240661959324,0.05769466762858655,0.31682630999023764
136.9580980997372,0.057845112745337074,0.057468494327961035,0.319548728871763
137.27294430226536,0.05720190682327313,0.05708558248192186,0.32315566289198894
137.5877905047935,0.05645987146985759,0.05656969786496348,0.32653334272782375
137.90263670732162,0.055651917508038426,0.055969401327346985,0.3290964168005688
138.21748290984976,0.054772708653748996,0.055311279701942176,0.33063982987355683
138.53232911237788,0.05378904063232686,0.05457444174521818,0.33119507630995726
138.84717531490602,0.052694867628172284,0.053717499810292106,0.3310285046588922
139.16202151743414,0.0521156933213866,0.0530877358669071,0.33050483738074843
139.47686771996229,0.053040508475306516,0.053761667000549754,0.32991718394747177
139.7917139224904,0.054185073996633325,0.0545604222938655,0.3306907428783748
140.10656012501855,0.055340189515761154,0.05535020770392604,0.3320546095923681
140.42140632754666,0.05646442232542072,0.05613732208310894,0.3333478092336739
140.7362525300748,0.057564319267939645,0.056952056802620124,0.3338626786552797
141.05109873260295,0.05866571711662104,0.05781659629820653,0.33296430695568036
141.36594493513107,0.059790184894365654,0.05873097324201983,0.330474659742214
141.6807911376592,0.06093364045740053,0.0596698478894071,0.32726789689420327
141.99563734018733,0.06205268547404537,0.060585761744889,0.3254704706083306
142.31048354271547,0.06307642052272121,0.061425708632895405,0.32534909836630277
142.6253297452436,0.06393787474443638,0.06215251580391572,0.3256150930066635
142.94017594777173,0.06459283317140155,0.06274815566035595,0.32526607210531144
143.25502215029985,0.06501530778297027,0.06319763820355825,0.32353050299179886
143.569868352828,0.06519213309438902,0.06347888879652014,0.31996535101649487
143.8847145553561,0.06513820003352666,0.06358048754753566,0.31463115877245884
144.19956075788426,0.06492228570804653,0.06353807484593586,0.3082153632397928
144.51440696041237,0.06466052647175333,0.06344282345821523,0.31060554146814673
144.82925316294052,0.06444163204752532,0.06337447732547696,0.31476949121260855
145.14409936546866,0.06424336545709267,0.06331409030182175,0.31853738264729503
145.45894556799678,0.06396441995978455,0.06316535025951725,0.3213623114918409
145.77379177052492,0.06353755188799291,0.06284476180506277,0.3228443709046145
146.08863797305304,0.06302919930437055,0.06232979448987655,0.3229880128644614
146.40348417558118,0.06277596108097122,0.061716150008151074,0.3225923477457688
146.7183303781093,0.06309334268834861,0.06156286685742275,0.3237601115679297
147.03317658063744,0.06358307786881942,0.06212453883269929,0.328038528271161
147.34802278316556,0.06388564996528534,0.06259825109373007,0.3336709373549791
147.6628689856937,0.06391047265330921,0.0627918984051771,0.3389868202124441
147.97771518822182,0.06367698292463303,0.06274591334922956,0.3432573525462951
148.29256139074997,0.06322587605041136,0.06253296552612746,0.34621806984221526
148.60740759327808,0.06257713865601636,0.062187145731667934,0.3480225234367994
148.92225379580623,0.06173640191576325,0.061697552340332334,0.3493096072485038
149.23709999833437,0.06074628082006375,0.061061498392394345,0.35096180183011016
149.5519462008625,0.059732580317127956,0.06034052704550907,0.3531757715813092
149.86679240339063,0.05886839733396117,0.059648467040532574,0.35531397192887515
150.18163860591875,0.05825314321491927,0.05907918522892347,0.35690853477313855
150.4964848084469,0.05787159677942771,0.05866978398716182,0.3578095868943231
150.811331010975,0.05771974618103434,0.05844993353828573,0.3579999440766679
151.12617721350315,0.057925097309268245,0.058529413856449546,0.35768020682727375
151.44102341603127,0.058643536223305884,0.05903988748714127,0.3577508144952556
151.75586961855942,0.05980703000435562,0.059903005024071504,0.35784305980844944
152.07071582108753,0.061191835457503806,0.060915510446445054,0.357948992170961
152.38556202361568,0.062605635849323,0.061934919546045145,0.3584106529990677
152.7004082261438,0.06394296626447138,0.06291046565640067,0.3588849626593916
153.01525442867194,0.06516894502508092,0.06384554631163791,0.35866146030022317
153.33010063120008,0.06628188396034704,0.06474914213182956,0.357026344914843
153.6449468337282,0.06728575297150548,0.0656105553259691,0.35361480669411005
153.95979303625634,0.0681827383510894,0.06640554711452212,0.34886053249738447
154.27463923878446,0.06897031250633281,0.06711262518867649,0.3450654819640982
154.5894854413126,0.06963108623905359,0.06771656542510535,0.34446303764682434
154.90433164384072,0.07012796828452267,0.06820054168647124,0.34512369285422595
155.21917784636886,0.07041447610722977,0.06854125059747176,0.34558127111194326
155.53402404889698,0.0704472487215653,0.06870839019036239,0.345004880225697
155.84887025142513,0.07019331942737729,0.06866663271950654,0.3428698532632608
156.16371645395324,0.06964679672506288,0.06839275506379408,0.33910914387845725
156.4785626564814,0.0688708480509008,0.06792151131081864,0.33447939579076863
156.7934088590095,0.06807749809280557,0.06741091492849752,0.3337791538306659
157.10825506153765,0.06771575647176133,0.0671360973128476,0.3386027789121038
157.4231012640658,0.0679664581619581,0.06719237735339767,0.34381276389354787
157.7379474665939,0.06833223330383456,0.06733149444928917,0.3483798062110911
158.05279366912205,0.06855973669285856,0.06736670817642576,0.3518095715523101
158.36763987165017,0.06867856986355209,0.0673162680236131,0.3539357316219777
158.6824860741783,0.06876247641275317,0.06730579802227916,0.355156360114668
158.99733227670643,0.06880617642872086,0.06741463345870852,0.35670221151079035
159.31217847923457,0.06872798574039157,0.0675446333718972,0.3600789602771932
159.6270246817627,0.06845392218801971,0.06753279577740778,0.3649998395375399
159.94187088429084,0.06796536295722261,0.06730741932961233,0.3700302799233637
160.25671708681895,0.06728124311930986,0.0668911283794347,0.3742864425467051
160.5715632893471,0.06641918809143108,0.06633233443749904,0.37739540819090855
160.8864094918752,0.06537311070436452,0.06564460559372781,0.3793230337291438
161.20125569440336,0.06412978530094579,0.064801868823395,0.38037772896833866
161.5161018969315,0.06274476992279587,0.06381297463222366,0.3811132101421228
161.83094809945962,0.061590477538511934,0.0629109488711479,0.38187431265737093
162.14579430198776,0.06158528255603161,0.06269805965276821,0.3824957718161175
162.46064050451588,0.06226334871494124,0.0630196859238119,0.38291768095193557
162.77548670704402,0.06307429204124464,0.06349865855338312,0.38356467686685936
163.09033290957214,0.0639530331581713,0.0640872874686933,0.3846709017759451
163.40517911210029,0.06494460506414106,0.06481525681807372,0.3853994285283195
163.7200253146284,0.06610875344499079,0.06570928658302674,0.3850065890784682
164.03487151715655,0.06745431631969007,0.06675138305231983,0.38363987731731813
164.34971771968466,0.06890201360452625,0.06786145171717696,0.3823200168685216
164.6645639222128,0.0703213996884865,0.06893867870930567,0.38169805657131145
164.97941012474092,0.07160327890864532,0.06992004318983241,0.381401537250887
165.29425632726907,0.07269304791283648,0.0707912715993341,0.3806628011865577
165.6091025297972,0.0735734958291583,0.07155299048101452,0.37869982550979614
165.92394873232533,0.07423857271191159,0.0721903813317761,0.3749824396561855
166.23879493485347,0.07469338448835823,0.07268021572155366,0.36952216190824694
166.5536411373816,0.07497164611589277,0.0730238839009601,0.36357962030312163
166.86848733990973,0.07512940698148886,0.07325985133665974,0.36205672236338526
167.18333354243785,0.0751981723316037,0.07342511706586811,0.36371345807895017
167.498179744966,0.07514681383306224,0.0735073422971462,0.36555225408588254
167.8130259474941,0.07490102597976733,0.0734486586108705,0.3666896426926123
168.12787215002226,0.07438914447047976,0.07318173006147483,0.3665824453636879
168.44271835255037,0.07357235481691327,0.0726558361548185,0.36506586547479336
168.75756455507852,0.07247368160972187,0.07186497146030653,0.3627131902689046
169.07241075760663,0.07145631572054359,0.07095367920763188,0.3619018300399654
169.38725696013478,0.07228399114077064,0.07088891463657174,0.3656922167270388
169.70210316266292,0.07324663360685671,0.07169322790532288,0.3715514789781713
170.01694936519104,0.07382964156736013,0.07226896794557747,0.37730853045976875
170.33179556771918,0.07405737384741458,0.07254058200455263,0.38216884138459606
170.6466417702473,0.07400658017427406,0.0726001158007415,0.38579762763764924
170.96148797277544,0.07373487018444247,0.07252869940614189,0.388296691336672
171.27633417530356,0.07325742719508582,0.07234388458374522,0.390348763169854
171.5911803778317,0.07257605531865363,0.07201586652080559,0.3930485510685324
171.90602658035982,0.07172467407093827,0.07152279904330058,0.396811945203035
172.22087278288797,0.0707710115197916,0.07088410732251355,0.4008594122011442
172.53571898541608,0.06977100950551493,0.07014886090616743,0.40437748881946334
172.85056518794423,0.06873238940134838,0.0693591557096058,0.40697118800052534
173.16541139047234,0.06761960791936056,0.06851393924826862,0.4085138466715943
173.4802575930005,0.06640144497057282,0.06756946859440617,0.4090968715840644
173.79510379552863,0.06530278977624283,0.06657476886409786,0.4089913581517368
174.10994999805675,0.06581346993566237,0.06680232448111942,0.40844365750123146
174.4247962005849,0.06719444974511249,0.06779984069208991,0.40806872193351523
174.739642403113,0.06865750033727291,0.06881184296521525,0.4091697158817261
175.05448860564115,0.07007508460991795,0.06978949805728593,0.41051165210634655
175.36933480816927,0.07143136310758896,0.07076201008419186,0.4114364859270154
175.68418101069742,0.0727523509577453,0.07176565870285057,0.41129079197334084
175.99902721322553,0.07406770128294539,0.0728119096566346,0.40963427651257955
176.31387341575368,0.07538554090697873,0.07388100502806019,0.4066557553804968
176.6287196182818,0.07667361389415978,0.07492514102324865,0.40358422295237073
176.94356582080994,0.07785893518817062,0.07588180817798193,0.4017741446351628
177.25841202333805,0.0788587518678914,0.07670102859095049,0.4009400536230312
177.5732582258662,0.07961490234894686,0.07736119460581542,0.4001039297680654
177.88810442839434,0.08009733767955658,0.07785351375899328,0.39838833371179655
178.20295063092246,0.08028820171760859,0.07815740743340385,0.3951443440747702
178.5177968334506,0.08018499597898027,0.07824541997380458,0.39012240713391266
178.83264303597872,0.07983777349045348,0.07812882239421513,0.3836389686676302
179.14748923850686,0.07938684888760866,0.07790543986781029,0.3793614046180573
179.46233544103498,0.079023731168193,0.0777260817506359,0.38282102099373894
179.77718164356313,0.07883179342432414,0.07765001144294605,0.38648733638175803
180.09202784609124,0.07869860435399549,0.07757836424067499,0.3896617154438069
180.4068740486194,0.07847927447076455,0.07737926803862158,0.3918536357793398
180.7217202511475,0.07817449253215972,0.07700130375889676,0.39281619093091846
181.03656645367565,0.07798696684859421,0.07653098566397826,0.3928543614776048
181.35141265620376,0.07815627981982327,0.07632491247378345,0.3932994343606805
181.6662588587319,0.0785610644962908,0.07669267512282757,0.396334743903465
181.98110506126005,0.07887915739041859,0.07719252984031878,0.4018779534212758
182.29595126378817,0.07892935502359677,0.07745776509196518,0.4079849384539995
182.6107974663163,0.07867775952974854,0.0774352436181131,0.41350162758055475
182.92564366884443,0.07815176116052326,0.0771864872197466,0.4179193089564024
183.24048987137257,0.07737541959769371,0.07676519449702213,0.42112744524615037
183.5553360739007,0.0763543175854741,0.07617294865683638,0.4234405980782192
183.87018227642884,0.07511902876121321,0.07539789242665265,0.4255473219308959
184.18502847895695,0.07379311169651247,0.07449135905675294,0.42799746307950776
184.4998746814851,0.0726038347664595,0.0735902733516827,0.43058642004256487
184.8147208840132,0.07175672574492843,0.07283995368800525,0.43279048002922565
185.12956708654136,0.07127790411764531,0.0723072801396003,0.43432456216787374
185.4444132890695,0.07109741162292368,0.07200625529204868,0.4350838988769099
185.75925949159762,0.07125250356436366,0.07199763575626206,0.43506670999630814
186.07410569412576,0.07190732343108296,0.07242422655208747,0.43458451413974897
186.38895189665388,0.0731149736369515,0.07331496203398469,0.4348869386914118
186.70379809918202,0.07468636083337613,0.0744762937131088,0.4350979793533511
187.01864430171014,0.07636526049217077,0.07569315319608119,0.4352608216024415
187.33349050423828,0.07797563647492436,0.07685479661458253,0.43549392206715887
187.6483367067664,0.07944494519994666,0.07794489101714439,0.4353709420750811
187.96318290929455,0.08076389463811881,0.0789805448801062,0.4342253835336821
188.27802911182266,0.08193864875311647,0.07996130756066855,0.43151299111287356
188.5928753143508,0.08297064791167968,0.08086087705753746,0.42719677852479443
188.90772151687892,0.08385811368138468,0.08164882259933834,0.4222969814038593
189.22256771940707,0.08459269698761188,0.08230683087254587,0.41908622712608834
189.5374139219352,0.08514819310644287,0.08282447905531139,0.41805536089789863
189.85226012446333,0.08548085766528729,0.08318813373112358,0.4177082883027724
190.16710632699147,0.08554143816364312,0.08337365739313307,0.41693088159167335
190.4819525295196,0.08528303129637378,0.0833415964265053,0.4149894497875683
190.79679873204773,0.08467095953796866,0.08304514645093831,0.4115065317267685
191.11164493457585,0.08371820014008013,0.08247348411195032,0.4066356669529141
191.426491137104,0.08257863193223416,0.08174614063010653,0.4019177005754184
191.7413373396321,0.08187141281639092,0.08124103733371614,0.4045591194959005
192.05618354216026,0.08238581884135565,0.0813490439664376,0.4097827801909058
192.37102974468837,0.08316818182790628,0.0817505196530287,0.4148567674586194
192.68587594721652,0.08368546698932863,0.08203858175048594,0.41917754825613557
193.00072214974463,0.0839349037695287,0.08215177014621051,0.4224041183758913
193.31556835227278,0.08400495057233189,0.08217820316691918,0.4245917321219279
193.63041455480092,0.08394937963844443,0.0822096241503967,0.42646196142978565
193.94526075732904,0.08375323658229347,0.0822446670709081,0.4293998823658314
194.26010695985718,0.08336867905800024,0.08218021148717489,0.4341468409620387
194.5749531623853,0.08276873434601995,0.08191656206355369,0.43975359407949133
194.88979936491344,0.08196080105352477,0.08143580332390381,0.4450637398275431
195.20464556744156,0.0809613967573727,0.08078040932913808,0.4494564985917583
195.5194917699697,0.07976632716071744,0.07998382962374531,0.4526917102434557
195.83433797249782,0.07834935937288592,0.07902836250235538,0.4548426392329453
196.14918417502597,0.07671370323352425,0.07788410820376454,0.45627367980810196
196.46403037755408,0.07504040913534002,0.07665063265071831,0.4574099360273848
196.77887658008223,0.07435347042302609,0.07594103679312596,0.45834349866927027
197.09372278261034,0.07513436725574532,0.07623522968509808,0.45894156949798204
197.4085689851385,0.07618780159280315,0.07683520827652182,0.4593331108321077
197.72341518766663,0.07728648317003484,0.0775379142352898,0.45999518818277724
198.03826139019475,0.07845826243117943,0.07836429286128221,0.4610071997181941
198.3531075927229,0.07977476025030653,0.079353296811045,0.4614518396878381
198.667953795251,0.08127767787743537,0.08050921222119065,0.46077863567778776
198.98279999777915,0.08291969868442711,0.08176845076293206,0.4593586185538596
199.29764620030727,0.08456770510199477,0.08301618113292042,0.45801746259373877
199.61249240283541,0.08607898681218035,0.08415670045267168,0.457031884220036
199.92733860536353,0.08736800095301478,0.08515705483969341,0.45597537386473885
200.24218480789168,0.08840689797679249,0.08602263214164454,0.4541409942091108
200.5570310104198,0.08918865548439439,0.08674821482526157,0.4508789181066088
200.87187721294794,0.08970979652673969,0.08730433302021051,0.4459019299600596
201.18672341547605,0.08999044435324483,0.087672083932202,0.43968757472755227
201.5015696180042,0.09009478399404605,0.08788283693213107,0.4346447169887785
201.81641582053234,0.09010088828449563,0.08800266461434478,0.43375703315113223
202.13126202306046,0.09003000055315469,0.08806290144401833,0.43464071997975384
202.4461082255886,0.08981974822798702,0.08802278245102446,0.435517966720522
202.76095442811672,0.08937179555038571,0.08780119345931117,0.43560306132857984
203.07580063064486,0.08861230452877394,0.08731880619027887,0.43446898820088814
203.39064683317298,0.08755110901891938,0.0865319539891584,0.43219657212252727
203.70549303570112,0.08653976009176001,0.08553042814887468,0.42995955735434355
204.02033923822924,0.08693728446661339,0.08513269246074046,0.43123597603215313
204.33518544075739,0.08802972849259823,0.08602566036253631,0.4365646942214575
204.6500316432855,0.08882644601585495,0.08684107981294949,0.4428019736804715
204.96487784581365,0.08920345219887227,0.08728317335172606,0.44863105027515704
205.27972404834176,0.08920521321535665,0.08741583687475257,0.4535099974319681
205.5945702508699,0.08889505070449621,0.08733627572020605,0.45728025749764656
205.90941645339805,0.08830706618047884,0.08708959517280983,0.4602573540056693
206.22426265592617,0.08745953422981667,0.0866691290320708,0.4632655128792905
206.5391088584543,0.08639993913895974,0.0860661109781505,0.4670948548772065
206.85395506098243,0.08521900881846406,0.0853044212452507,0.47157268121501045
207.16880126351057,0.08400535462466921,0.084434241344223,0.47590028989869176
207.4836474660387,0.08279213802821866,0.08350703756321808,0.4794961146075161
207.79849366856683,0.08155087798127976,0.08254417006801577,0.482087246585708
208.11333987109495,0.08023323776507382,0.08151618067313583,0.4836120765916963
208.4281860736231,0.07891134245252128,0.08040089377077007,0.48419944196884124
208.7430322761512,0.07858578394379459,0.07982910922772549,0.4840758257420408
209.05787847867936,0.07996112450094334,0.08083187041855841,0.48342890356137913
209.37272468120747,0.08170433674483335,0.08207084348499057,0.48343348838856504
209.68757088373562,0.0834357760558069,0.08326740001162806,0.48472498960349253
210.00241708626376,0.08507825881394229,0.08442016727227139,0.48593749799252983
210.31726328879188,0.08664501748484549,0.08557537832951068,0.4864325479741701
210.63210949132002,0.0881716137157143,0.08676117781477283,0.48565858148464336
210.94695569384814,0.08967676985722822,0.08796682357976587,0.4834066826117962
211.26180189637628,0.09114035531200176,0.08914649208848996,0.4801828276732878
211.5766480989044,0.09249669792375445,0.09023229999817395,0.4771767359925679
211.89149430143254,0.09365780508358534,0.09116252333611966,0.4750774555539931
212.20634050396066,0.09455333407560443,0.0919088905554627,0.4734469657086203
212.5211867064888,0.09514492046170069,0.09246869415520825,0.47146575587985784
212.83603290901692,0.09540812874006543,0.09282921556160112,0.46838097807805323
213.15087911154507,0.09532230176315598,0.09295265232691842,0.46371078521871245
213.46572531407318,0.09490288211259323,0.0928156716013746,0.4574516531065752
213.78057151660133,0.09426752690683274,0.09248625678524255,0.4505267322845784
214.09541771912947,0.09367358697427339,0.09215669988828898,0.44948696673001615
214.4102639216576,0.09338846053895107,0.0920105535325276,0.4524607736373281
214.72511012418573,0.0933936438673076,0.09201093290733368,0.4555404970543825
215.03995632671385,0.0934350434316747,0.09197075544587474,0.45806401881897507
215.354802529242,0.0933671254423212,0.09176986912410742,0.45962317768278405
215.6696487317701,0.09326117483169241,0.09143418852402416,0.46017923079318557
215.98449493429825,0.09331135279177113,0.09118640756380131,0.4604379494985976
216.29934113682637,0.09357948602338234,0.09134891715750829,0.46223359877660475
216.61418733935452,0.09386831002794743,0.09180076842237306,0.4669776909266876
216.92903354188263,0.09394523457805003,0.09213434845350696,0.4733608691969013
217.24387974441078,0.09370411794839684,0.09216597793098406,0.4797829011988399
217.5587259469389,0.09314080410307868,0.09191081754842914,0.48544382793386487
217.87357214946704,0.09227773905062124,0.09143448425074874,0.4900083217666465
218.18841835199518,0.0911213822476736,0.09076027132915838,0.4935163077746079
218.5032645545233,0.0896860774279924,0.08987248111066296,0.49639637688743454
218.81811075705144,0.08806934077660378,0.08879733729013858,0.4992394537702375
219.13295695957956,0.08651014165624296,0.0876694510781051,0.5022320408567248
219.4478031621077,0.08532374537902362,0.0866880992673788,0.5050160046846637
219.76264936463582,0.08466340493869906,0.08598349587512816,0.5072132285965412
220.07749556716396,0.08443472534418417,0.08557505190339137,0.5086387343815584
220.3923417696921,0.08456142203353531,0.08547686879626798,0.5092087045238345
