omega_c_t,P_e2_n0,P_e2_n1,P_e2_n2,P_e2_n3,P_e2_thermal_nbar_0.60
0.0,1.7360853527355737e-30,1.5116821950151426e-31,1.61599607210659e-30,3.132669520798546e-31,1.2837814756407284e-30
4.36827749507504,0.00019457533580968464,0.006736186836677453,0.013214136737676215,0.01962883548234951,0.004096712446733853
8.73655499015008,0.0004742449223295076,0.006203462837902737,0.011654984710127207,0.01683669115033094,0.0038134869979868646
13.104832485225119,0.0003083863603313797,0.0005818202043345642,0.000937178431893595,0.0013834090968697227,0.0005037704095122876
17.47310998030016,0.00032166027221628806,0.007495490828910703,0.014741841768223619,0.022039120166689245,0.004647481194804338
21.8413874753752,0.0008808221920268363,0.005393712451454562,0.009365135974046535,0.012813632669238479,0.003397858930908992
26.209664970450238,0.0010074262390337122,0.0018410257457582553,0.0029592618575730555,0.0043909915388333325,0.00161569173168332
30.577942465525275,0.001153942163807659,0.009029458540373946,0.01701085549876729,0.02502701115641396,0.005902298859300125
34.94621996060032,0.001594350141627683,0.004783687128228616,0.007220936095347695,0.008961528691380359,0.0032500404714881363
39.31449745567536,0.0018098635791730763,0.0031656006461088107,0.005090815262100676,0.007633326901610108,0.002836709885980034
43.6827749507504,0.0025236352440555303,0.010910384400773437,0.019248504012133107,0.027385893661106407,0.0075066690016214604
48.051052445825434,0.0029104869688287133,0.005056956504109776,0.006357309103988899,0.006941540594930842,0.003923425249009311
52.419329940900475,0.0028771799034692626,0.0048801550346962265,0.007842529394906997,0.011809065268573962,0.004429238467770393
56.78760743597552,0.004088532445912964,0.012414190649196657,0.020336841220399148,0.027617986481061736,0.008891784436732561
61.15588493105055,0.0047042358399584676,0.0059913115202113,0.006429763380999912,0.006268704180129002,0.0052263690304262325
65.5241624261256,0.004580274792299146,0.007664517661270864,0.01214318718918482,0.01798855804419948,0.006917558779472117
69.89243992120063,0.005902160507887318,0.013706807070847683,0.020664529982459573,0.026480543765136644,0.010226726396917716
74.26071741627567,0.006617301492085887,0.006951713828498879,0.006573164755835729,0.00591142293514291,0.00665323214957636
78.62899491135072,0.0069092437970973185,0.011331857515753708,0.017438341423338614,0.02502109661229209,0.010110852477816816
82.99727240642575,0.008293336797884111,0.015468908021878905,0.02130858600256546,0.025506962890512727,0.012071166242018153
87.3655499015008,0.008654710297973829,0.008117388912630058,0.007294226581297363,0.006841106500195401,0.008361776063745751
91.73382739657583,0.009525600045263614,0.015086043392487715,0.022369882356377026,0.030902304612463356,0.01336635698247548
96.10210489165087,0.011265390403332513,0.017646708890590973,0.02209160818996566,0.024370844829382524,0.014379321330603006
100.47038238672592,0.01118325587445299,0.01030062931641234,0.009870988740225784,0.010730608468036128,0.010970774566119248
104.83865988180095,0.012361617625815842,0.018791807011240814,0.02679894706176466,0.03558240325815262,0.016607566498478003
109.20693737687598,0.014443084829528713,0.01953600369524794,0.022056229040796713,0.02203375370798553,0.016623490980951214
113.57521487195103,0.014335874211664872,0.01367382322274283,0.01431375062304441,0.01712905960665038,0.014545242079485609
117.94349236702607,0.01574287466122943,0.023031685205957157,0.03154117612742932,0.04007374234490074,0.02030676235519687
122.3117698621011,0.0176623581652408,0.02104689685843988,0.021476142945559384,0.019472160774569494,0.01878991273442832
126.68004735717615,0.017827022816097403,0.01760434687034668,0.01949585770681651,0.024246112585625486,0.018538784471614236
131.0483248522512,0.019822201025513905,0.027874768147239035,0.03637900453976733,0.04372086503686984,0.024511185407700368
135.41660234732623,0.021208344161904123,0.022942030953706182,0.02177088316420907,0.018857167947318326,0.02148663243134403
139.78487984240127,0.021484612653254652,0.02184477744397823,0.02514110997663654,0.03179571878739261,0.02274876889100642
144.1531573374763,0.024287333724712652,0.03254419581919433,0.040028219290729056,0.04488911909837312,0.028657755243601257
148.52143483255134,0.02530813797244313,0.025659652801450973,0.023492036072707497,0.020634784578437166,0.02500317858894903
152.8897123276264,0.025589328482981767,0.02696813578019268,0.03204656859763112,0.04061095511206359,0.02758978579272633
157.25798982270143,0.0288407574123656,0.03657147133744318,0.042143225789447764,0.04384034612217649,0.03247977976203024
161.62626731777647,0.029745350221275616,0.02878345569150648,0.02595669546542315,0.023743598329084438,0.02897032959232867
165.9945448128515,0.030437989095916048,0.03328557026182604,0.04017323531247299,0.04988970391376366,0.03324535924033006
170.36282230792654,0.03363944580854336,0.040424114126228726,0.043777234868457054,0.042506842327623154,0.03640525962667813
174.7310998030016,0.03424876853786503,0.032043559460797996,0.02906193727805597,0.028323685239199703,0.0331562199162881
179.09937729807663,0.035863652422922096,0.04015107614111438,0.048112374383380264,0.05738370831140785,0.039218342344802815
183.46765479315167,0.03895700792353805,0.04455912714152754,0.04556905936936369,0.04167173128458648,0.04079812984069626
187.8359322882267,0.038992814582361965,0.036048658204874635,0.03389690124794594,0.03570985867605907,0.03795987630611696
192.20420978330174,0.0415201167768778,0.04686288335333138,0.054914607156900566,0.062302140940453776,0.0450450113983061
196.57248727837677,0.04465577150828753,0.048616998422942946,0.046982512575590225,0.04072842328946541,0.045405846355903924
200.94076477345183,0.04435891516861067,0.04144614591006896,0.04099923837876085,0.04567620957142495,0.043759262111260695
205.30904226852687,0.04744288615118653,0.053571920470133455,0.061023261969894174,0.06570475403106449,0.05090710097377633
209.6773197636019,0.05037339211488651,0.052167597439899786,0.047893733260668155,0.040217590794021346,0.04993613097867436
214.04559725867693,0.05035585247024608,0.047966174435045625,0.04937415782626878,0.056077956016170036,0.0502767327317478
218.41387475375197,0.053933985723237536,0.06064542140085652,0.06678377824574837,0.06794880672720957,0.05712710811994122
222.78215224882703,0.056110234818171324,0.055665502124201655,0.04954358762654464,0.042160702987141856,0.054698678093310006
227.15042974390207,0.05666995349732181,0.05498481128413439,0.057987327691725904,0.06557590335068901,0.05703388424036921
231.5187072389771,0.060973644100647886,0.06768441939685392,0.07139877109529653,0.0681218263087936,0.06349525485017672
235.88698473405213,0.062226864262282654,0.05992782730262789,0.05306290628251885,0.047374154497769404,0.06019991044961124
240.25526222912717,0.06324762402716248,0.06256635585398031,0.0669979877607989,0.07450877846878089,0.06406177191113621
244.6235397242022,0.06816738104224691,0.07396767880018373,0.07426190106236721,0.0664464637598641,0.06959350923127831
248.99181721927727,0.06886241603409696,0.06504948898534749,0.05816033158973355,0.054582304268151596,0.06642279616034848
253.3600947143523,0.07041306546745722,0.07114424135943094,0.07660398783411536,0.08264622688727642,0.07166319712645716
257.72837220942733,0.07532417503508981,0.07954240925102486,0.07622260205105329,0.06501666716600504,0.07550562798039691
262.0966497045024,0.07575725907636746,0.07061945439776404,0.06420336249122323,0.0627825273324376,0.07300771568346336
266.4649271995774,0.07831633341120325,0.08044840755993271,0.0857821994903894,0.08836689676606213,0.0797113958438654
270.83320469465247,0.08269237868184302,0.08506325322655969,0.07849750676803745,0.06534352920936275,0.0816860874220562
275.20148218972747,0.08276941075259643,0.07677969496521099,0.07158024738440745,0.0723754130565164,0.07995304264367845
279.56975968480253,0.08664612270577635,0.08961399097558076,0.09332377625930714,0.09093822421556823,0.08771693285908863
283.9380371798776,0.09046915367705163,0.09071229591336638,0.08119809389157073,0.06706902913507626,0.08826119125010641
288.3063146749526,0.09019882127790596,0.08420099425713964,0.0808312957597189,0.0831413446138628,0.0876146097977574
292.67459217002767,0.09509311905737035,0.09829148864929235,0.0993323660784612,0.09169710509633786,0.09551125872006794
297.04286966510267,0.09842989306201062,0.09611526837158096,0.08402918758585338,0.06991912203730455,0.0949651393728758
301.41114716017773,0.09836132407524185,0.09300042947854954,0.09120386254114679,0.09314809790533268,0.09605393565063562
305.7794246552528,0.10377860291051537,0.10682797620423269,0.10457486669943847,0.0920002165004249,0.10337009567490404
310.1477021503278,0.10630804270946605,0.10135309604162898,0.0876941715893993,0.07494660525086591,0.10175489339583227
314.51597964540287,0.10712315828717887,0.1025085879340579,0.10132407743236199,0.10082996400727803,0.1048757615478768
318.88425714047787,0.11293176146583966,0.11528145574697532,0.10900716351677792,0.09173741433821374,0.11142644818804445
323.25253463555293,0.1142780380412457,0.10721974458182028,0.09329818366300038,0.08265046625820721,0.10900666537128484
327.620812130628,0.11617102928949623,0.1122780326308109,0.1107905402205449,0.1065332951496455,0.11379601258688073
331.989089625703,0.12238202424292542,0.1230898330183222,0.11218050681795504,0.0909441999378518,0.1194185607896614
336.35736712077806,0.12272319023014744,0.11422551980333358,0.10076985808517268,0.09156806266895956,0.11698045488027362
340.72564461585307,0.12554787974681395,0.12253790569568267,0.11990643610687277,0.11092584848924539,0.12295009680841093
345.09392211092813,0.13174137641194983,0.130000016986389,0.11467995967607994,0.09114933318622144,0.12716898603125054
349.4621996060032,0.1316792909570554,0.12206903295832951,0.10912836259333293,0.10003767116706046,0.1254857120664075
353.8304771010782,0.13554164170011337,0.1333365058979826,0.12826377696909208,0.11347224841562494,0.13246662110473872
358.19875459615326,0.14097336462104212,0.13659839210861313,0.1178387526981273,0.09366669174897088,0.13493229046452526
362.56703209122827,0.14088278186598688,0.13045812591136074,0.11803318485524994,0.10793662830533587,0.13427760852381046
366.93530958630333,0.14612050400697305,0.14397895541412314,0.13492770312230817,0.11381748081796922,0.14209269597749163
371.30358708137834,0.15039432187518842,0.1434930904884533,0.12214377773468799,0.09789349511200802,0.14303142502435007
375.6718645764534,0.15032261517521522,0.13976254617748005,0.1277876834014787,0.11545115150411558,0.14346398035646005
380.04014207152846,0.1568800780250806,0.15382258044011451,0.13991599726113096,0.1132937087266093,0.15150478970272432
384.40841956660347,0.16012064214170124,0.15058178928716592,0.1271337589791469,0.10268128302529077,0.15143043540803713
388.77669706167853,0.16034609171238381,0.1503069728588844,0.13794403130182487,0.12155463631907634,0.15324914454059216
393.14497455675354,0.1675967885613034,0.16305245623707976,0.1442552161544454,0.11349580446646065,0.16074376078816843
397.5132520518286,0.16990439388149767,0.15766241109910115,0.13282437260748925,0.10811513621017738,0.15994458132698716
401.88152954690366,0.17112970596131322,0.1615776812629684,0.1472530099637993,0.12523325123770584,0.1634984926176324
406.24980704197867,0.17845814593243722,0.17209958078818832,0.14849536112981762,0.1144044121941995,0.17004792030709479
410.61808453705373,0.17962605064759696,0.16523556584323135,0.13991324152495052,0.11449408995181866,0.16867504967455607
414.98636203212874,0.1824022142467897,0.1727957131189694,0.1551605419483231,0.1271741642735428,0.17386808308409896
419.3546395272038,0.18960135224035848,0.1807807777748162,0.1523472498599982,0.11537659940759318,0.1794136240782767
423.72291702227886,0.18959811990506892,0.17399313405849479,0.14836815347315946,0.12074226411808019,0.1779168182779012
428.09119451735387,0.1938787513708166,0.18387307808971842,0.16218932127697502,0.12869861635824434,0.18424968688515567
432.45947201242893,0.20076628093260757,0.18871112859364012,0.155983383383095,0.11690651390220969,0.1886357845039933
436.82774950750394,0.2001582797816598,0.18383807435616153,0.1570726629194273,0.12547557489641412,0.18772257265370026
441.196027002579,0.20566464544222496,0.1950918194954897,0.1686107282953041,0.12985542621934007,0.1947815347832807
445.56430449765406,0.21166071871325123,0.1962434372416008,0.16044027677028994,0.11974244531341789,0.19771934246807338
449.93258199272907,0.21122883251098523,0.19415471278072777,0.16526296313693922,0.1288448657079583,0.1978635083997631
454.30085948780413,0.21795210232268172,0.20614418795605197,0.1739159140266514,0.13011072326868048,0.20545596900040294
458.66913698287914,0.22242050982157602,0.20421443862209723,0.16622735776526132,0.1231465358020766,0.20694019847691847
463.0374144779542,0.22256663342205896,0.20484614239479004,0.1731915285026009,0.13180312694494192,0.20821721288547088
467.40569197302926,0.2305423623997585,0.21631998850636341,0.1780473274936459,0.130099671599051,0.21602042639410687
471.77396946810427,0.2333930487458256,0.21287075935600358,0.17263353624816855,0.12574782194818832,0.21646830415254487
476.14224696317933,0.2342581973328039,0.21628690561362907,0.18092972963797288,0.13424516479331342,0.2189091143840859
480.51052445825434,0.24301871354384935,0.22556769856457262,0.18203481736092625,0.13090192975278608,0.22632397507814653
484.8788019533294,0.24461839624114304,0.2218185802717774,0.1790036034977602,0.1275020541737492,0.22619812437952314
489.2470794484044,0.2466092353421936,0.22828777834140482,0.18767074518674443,0.13549174774629372,0.22999850853990628
493.61535694347947,0.2552860252371392,0.23456439419001557,0.18670880867782608,0.13213358349275323,0.23650501683983627
497.98363443855453,0.25587737357938634,0.23105107412843723,0.18563830589970082,0.1292262631895089,0.23604049360297796
502.35191193362954,0.2596127338575311,0.23997532066542515,0.19292636554394083,0.13606335483532042,0.24127314652979076
506.7201894287046,0.267578920917981,0.24364828463166066,0.19171032136751798,0.13252094732710065,0.24672021628792248
511.0884669237796,0.2672031445152335,0.2411824657433051,0.192705883975454,0.13076459242429597,0.24614792500915675
515.4567444188547,0.2728951783477165,0.25089000232342273,0.1974510384983444,0.13715714222516237,0.2524955246429782
519.8250219139297,0.27995210400417453,0.25247077747837865,0.1965424615123307,0.1319448101672536,0.25689688086026413
524.1932994090048,0.278971963814975,0.25240684104763234,0.19929867517766095,0.13132936867934805,0.2566963768963812
528.5615769040797,0.2862293017026447,0.2614239680772529,0.20213651073472227,0.13861287049559443,0.2636695574077359
532.9298543991548,0.2921345489057969,0.2609626756115726,0.20166846202912542,0.1312118526345337,0.2669160728738945
537.2981318942299,0.291406789670199,0.26400530574101244,0.20453798972458262,0.1313421597299796,0.26761130032781494
541.6664093893049,0.29975027766613654,0.2718572074566703,0.2067929076475215,0.1391633463406999,0.2748926826949979
546.03468688438,0.30399274055733216,0.26986683519246524,0.20756109851411578,0.13018723906535445,0.2768859334915744
550.4029643794549,0.3043166411784378,0.2753240609549348,0.2088254335124195,0.13213554034864572,0.27869388227179376
554.77124187453,0.31353191963845856,0.28172100750511114,0.2109687372501536,0.13851866973511276,0.28607789862731486
559.1395193696051,0.31581250675637046,0.2798027205399458,0.21345254726676915,0.1279951753253171,0.287034061053632
563.5077968646801,0.31748973667493924,0.28655751207503505,0.21299335030272007,0.1338354566919077,0.28991141929536485
567.8760743597552,0.32726975869866665,0.29064724561608585,0.2152325684308808,0.13738469389453878,0.2970275478795583
572.2443518548301,0.32792313141645174,0.2904161045701747,0.21820655006562215,0.12499080996579369,0.29741100128327597
576.6126293499052,0.33105752361678364,0.2979902803096221,0.21689515952164476,0.1352723211455889,0.3013622875725936
580.9809068449803,0.34062451997276566,0.2992249619498647,0.2204237193573302,0.13552482311995181,0.3077204122736087
585.3491843400553,0.3402938082526111,0.3010855750875753,0.2218705587712712,0.12273040703961233,0.30789956367724103
589.7174618351304,0.3452116833349229,0.30907619763831856,0.21999526957987792,0.1360424553329985,0.31300171185450704
594.0857393302053,0.3536534309841298,0.3083099881409759,0.226104180032147,0.1317621842289687,0.3183207696228486
598.4540168252804,0.35276095765111065,0.31195974538626914,0.22516755730915236,0.12180157953995979,0.31848660080621327
602.8222943203555,0.3597634167209898,0.31905314885002384,0.22285512964788845,0.1367707222436103,0.3246101840411511
607.1905718154305,0.36661830979771637,0.31790262639202443,0.23105047310194352,0.12612516034210589,0.32890700190981115
611.5588493105056,0.3654717082489358,0.32349702357919674,0.22791994707716065,0.12140393831041665,0.3293217389796244
615.9271268055805,0.37430023674903046,0.3280972781949757,0.22667581381748975,0.137086690491008,0.33605440384261165
620.2954043006556,0.379518251600457,0.32749087365606655,0.23499895116167283,0.12018159207922084,0.33938458726740744
624.6636817957307,0.37877327906778396,0.33530893315209354,0.2293591943487926,0.12134577805149017,0.3404727000959398
629.0319592908057,0.3886810088706233,0.33702477311923734,0.23151796995394064,0.13532720873018536,0.3473976631105594
633.4002367858808,0.3921408594141936,0.33723270819993023,0.23854594535145254,0.11487470791777664,0.3497139516698265
637.7685142809557,0.392723259421773,0.34638779455689356,0.2298315731765712,0.12252806074336073,0.35180043772379194
642.1367917760308,0.4030494642958283,0.34603155486578596,0.2363162377630967,0.13081559289609812,0.35868917253872584
646.5050692711059,0.40452855240998076,0.34786617417676674,0.24145188661216746,0.10980313678279564,0.36004841219070455
650.8733467661809,0.40703438637171496,0.35642258494496026,0.23076388498279118,0.12481930241814655,0.36315778307772606
655.241624261256,0.41737830759007044,0.3546279783159919,0.24067430938815612,0.12465290739490367,0.3698071889415218
659.6099017563309,0.41705626821965125,0.35942977344536664,0.24256762672765325,0.10517343079995677,0.37054634006846504
663.978179251406,0.4215302581532752,0.3659886535470524,0.23277260903807317,0.12633832594280447,0.37456729332360195
668.3464567464811,0.43134572937819227,0.3628615565576038,0.24519334848324725,0.1176503337469188,0.3806232579166579
672.7147342415561,0.42998040378207386,0.3709949160953491,0.24169705728875915,0.10253417541537825,0.3811776229301507
677.0830117366312,0.43633553963100236,0.3753178216882714,0.23516364635094408,0.1257264588778855,0.38608663866680387
681.4512892317061,0.44476297390197517,0.3716612646749546,0.2497243830758021,0.10934091635405706,0.3912018213939962
685.8195667267812,0.44320249740173,0.3819251293729918,0.24012059057025298,0.10256610514946848,0.3918401794260711
690.1878442218563,0.45149404739455784,0.3838086368694997,0.23765223454700102,0.12339770443584133,0.3976073100642171
694.5561217169313,0.45783438426621004,0.38160902089549614,0.25279607089029704,0.09994592630861081,0.40169681380805755
698.9243992120064,0.4566136800510842,0.3925442843595747,0.23877911766357277,0.10384933499929777,0.40257156176591047
703.2926767070813,0.4666857122089007,0.39115844408819256,0.24112111377624962,0.11963302835486053,0.40893671056687336
707.6609542021564,0.47082522781549485,0.3921675160213913,0.25346310736973954,0.09148453556906948,0.41212530191964847
712.0292316972315,0.4704072085916234,0.40310501509493624,0.2372809077508494,0.104945110104635,0.4134931270249852
716.3975091923065,0.4815380770392984,0.3981732172147793,0.2459113585916861,0.11331970065415396,0.42002637637454965
720.7657866873815,0.4837078311184832,0.4026631907925821,0.25243769189563603,0.08559904345383063,0.42239697500528023
725.1340641824565,0.4848168575425645,0.41289575588790417,0.23545224379010946,0.1060067776918331,0.42458842885530684
729.5023416775316,0.4960184867841951,0.40580955872572955,0.2506660870521024,0.10394046149101728,0.4309656227099223
733.8706191726067,0.4963672433428917,0.4133303422290055,0.25055218171701243,0.08179900838801922,0.4325345443036189
738.2388966676817,0.4997198628302512,0.42110684478252175,0.23455054674886683,0.10702695854445929,0.4356937003717338
742.6071741627567,0.5102718365703074,0.4140054182944884,0.2539217676316766,0.09320643944163427,0.44176215833548893
746.9754516578317,0.5089885380842304,0.4246158917850701,0.24734207378974402,0.07922099025660821,0.4427009298362976
751.3437291529068,0.5147700133318895,0.4280436770496041,0.23574932957134515,0.1062318229175756,0.4467136818758303
755.7120066479819,0.5242162233540578,0.4222302395099194,0.25576685006813693,0.08313568149288278,0.4522881101497063
760.0802841430569,0.5219498717787774,0.4359557454588978,0.2423387368524493,0.07850057661466994,0.45298565632235
764.4485616381319,0.5298304097067024,0.43464184945086415,0.23839838546272213,0.1019847232853327,0.45770044871155513
768.8168391332069,0.5375996628999726,0.4307563140475102,0.2567255341872311,0.07388289818322481,0.4624818939858729
773.185116628282,0.5353862038110438,0.4461854677228456,0.23676487324049045,0.08013936690155006,0.4633083440085444
777.5533941233571,0.5449856408527021,0.44110298536000386,0.2411168049628227,0.09497975419921767,0.4686720390182002
781.9216716184321,0.5504180008839241,0.44041064512693073,0.2559884075069695,0.06514868251096621,0.47246057127581337
786.2899491135071,0.5491346786263327,0.45497214902407535,0.23245033107799984,0.08244021383447517,0.47359114618608894
790.6582266085821,0.5601459099394215,0.44694644413589313,0.243804948268335,0.0867708293411923,0.4794870669707878
795.0265041036572,0.5629846413363819,0.45116953295406675,0.2523268092259198,0.05830898499102449,0.4823517014947471
799.3947815987323,0.563120438704926,0.4629069182674823,0.22965615501832604,0.08311316735920031,0.4839002942071771
803.7630590938073,0.5749462930894454,0.45234428275376104,0.2470151994210538,0.07734945193934614,0.4899939302291991
808.1313365888823,0.5755389424921455,0.46197691045298384,0.24622501857778412,0.05496441189343461,0.49212803349858864
812.4996140839573,0.5775097790283287,0.47017257113765387,0.2275154202061055,0.08190599920435054,0.49431951201002877
816.8678915790324,0.5891290477291207,0.4583980447106207,0.24987730726839724,0.0662378876357045,0.5002090475224251
821.2361690741075,0.588044270916321,0.4721224504109274,0.239459980565643,0.054364727237928206,0.5017163880557429
825.6044465691825,0.5923725430085218,0.4761055225827826,0.22620804214277007,0.07964387044442928,0.5047725330562257
829.9727240642575,0.602778604296728,0.46579071792773447,0.25045923613927434,0.05494721727646013,0.510229007526985
834.3410015593325,0.6004817966689555,0.4818838024224644,0.23276131619063536,0.05449366060944907,0.5111843610744752
838.7092790544076,0.6074349261840932,0.4804220649630966,0.22687120092481738,0.07565793272837563,0.5150939782650772
843.0775565494827,0.6160432292317002,0.4740128111926376,0.24816263570994507,0.045908127944683824,0.5200295047137348
847.4458340445577,0.6131065837917139,0.4914172897633695,0.2255837410368295,0.054930715283820875,0.5206833014496481
851.8141115396327,0.6223463966136895,0.4840272202206738,0.22930160964597027,0.0685664958508224,0.5252327059447562
856.1823890347077,0.6288419525290799,0.4824130657509444,0.244078773907162,0.0394945784305728,0.5294935409234892
860.5506665297828,0.6262116574199595,0.49987391594086705,0.2182909414962916,0.056342954953071456,0.5302423511260248
864.9189440248579,0.6370176982421893,0.487998342511718,0.23157347678175985,0.059087732302888205,0.5352538350152073
869.2872215199329,0.6410508824937978,0.4912526722787373,0.23875554730170695,0.03446327417019442,0.5386198023209195
873.6554990150079,0.639782322383426,0.5063230512795077,0.21268829907114173,0.05775932295495057,0.5397532311297468
878.0237765100829,0.651487639880966,0.492388931308945,0.23240569672748976,0.04957259503048849,0.545142317325468
882.392054005158,0.6528343745889367,0.5009702354677135,0.23137553850875958,0.030882138556986467,0.5475547666365465
886.7603315002331,0.6536004242541114,0.510990484206136,0.20971225719484005,0.05695303340467811,0.5491618145043369
891.1286089953081,0.6655886080312429,0.4967822725131085,0.23225009233029817,0.04087500955534349,0.5547442713718144
895.4968864903831,0.664549702513795,0.5109408363794555,0.2218291854645452,0.03003079892736777,0.5563927239335892
899.8651639854581,0.6675985051190788,0.5147804053307866,0.20822452783600603,0.05350488668586771,0.5585452171978103
904.2334414805332,0.679007728821441,0.5015640363386821,0.23133526236279658,0.03216416154375348,0.5639542733083845
908.6017189756083,0.6763774406033094,0.5198903335455725,0.21193954743511143,0.03148851376576755,0.5650777879104021
912.9699964706833,0.6818619785562071,0.5179182471987177,0.20702430653781725,0.04902437664038376,0.5679494327935984
917.3382739657583,0.6916508803374009,0.5076779734152973,0.22830572172308788,0.023844939250814403,0.5728391793313857
921.7065514608333,0.6882733059678874,0.5273341475974834,0.2034612461656043,0.03296908260942433,0.5735604542024564
926.0748289559084,0.6962960380375534,0.5199783830367554,0.20652268705877555,0.04410490885618415,0.5772579313388186
930.4431064509835,0.7037081320797651,0.515217593338139,0.22204147472410515,0.017930522507167045,0.5814910478656018
934.8113839460585,0.7002782210339523,0.5337095989658025,0.1961790903151377,0.03342982230744346,0.5819354617281637
939.1796614411335,0.7105449063396052,0.5211867484516673,0.20716291433802855,0.03760779228538964,0.5863144240987639
943.5479389362085,0.7153345161438475,0.5232001573127895,0.213551108524374,0.015017852221827579,0.589861705004284
947.9162164312836,0.712628676383756,0.5390969069390634,0.18933001575408043,0.03390573985132522,0.5903306428443359
952.2844939263587,0.7243150336203921,0.5227267140478198,0.2075265782807062,0.029535390183385628,0.5951050369191447
956.6527714214337,0.7264927686070468,0.5308923090505925,0.20457470946221692,0.013465898378416828,0.5978586944143275
961.0210489165087,0.7254670109405714,0.5427651000659348,0.18369083671766703,0.03466120185158766,0.5987279562349952
965.3893264115837,0.737576082319395,0.5254464023621098,0.20568108621852682,0.021985152497337658,0.6036991206441122
969.7576039066588,0.7371989449215814,0.5384802520786796,0.19526829682982522,0.012342087697034073,0.6055327881348561
974.1258814017339,0.7386323875685297,0.5443328440156499,0.18049509317509843,0.03402205294766293,0.6070036410755935
978.4941588968088,0.7503412183030307,0.5290477971575147,0.2015797526502226,0.016223237050261796,0.6120518439602548
982.8624363918839,0.7477237898041097,0.5460477236162957,0.18496186866157857,0.01274791438941563,0.6130401632038533
987.2307138869589,0.7518714237114807,0.5445975690206705,0.1790661631670839,0.031120547404236257,0.6151209347047363
991.598991382034,0.7624418951908263,0.533023211780999,0.19641703680757688,0.011224922637671522,0.6200117877972287
995.9672688771091,0.7583908396740696,0.5526977273899584,0.17450728309668367,0.01518306536187505,0.6204443848667707
1000.335546372184,0.7651054233230582,0.5446338613721315,0.177442379301369,0.02744719368028912,0.6231589706875947
1004.7038238672591,0.7736948747880183,0.5376836140304607,0.19016877533566248,0.006320125793336827,0.6275254742655642
1009.0721013623341,0.769292247693374,0.5573778204383832,0.1658470508990969,0.01793902917060495,0.6276764875266887
1013.4403788574092,0.7783212338155042,0.544627805629126,0.17500315614538714,0.024248660829820683,0.631126765566684
1017.8086563524843,0.7841773219854485,0.5435277805354327,0.18171201469105208,0.0029523680226073603,0.6346947201534686
1022.1769338475592,0.7803642799546439,0.5600911783277069,0.15939127524173377,0.0195822045668548,0.6347071693323129
1026.5452113426343,0.7913088311190212,0.5443048107951619,0.17258137271791904,0.020564191671547064,0.6388769445612046
1030.9134888377093,0.794151687658113,0.5500503749703225,0.1712952536846456,0.0023015009647957205,0.6415986874143083
1035.2817663327844,0.7916529376147464,0.5615518917037009,0.15377931596485608,0.020979713725302197,0.6416447216001082
1039.6500438278595,0.8037213568373073,0.5441108390839289,0.1700317106741873,0.015500934549963047,0.6462732432061558
1044.0183213229345,0.8037762256671965,0.5560371829222743,0.16087337422289602,0.0032444478977383807,0.6481811972407252
1048.3865988180096,0.803299961792261,0.5619383261861922,0.14841328662373515,0.02312720824452874,0.6485911082535913
1052.7548763130847,0.8153745601077705,0.545062869620299,0.16572175819330062,0.010417476940743988,0.6533344107314771
1057.1231538081595,0.813072079088413,0.5608945381555152,0.1515555385221216,0.004445938773133502,0.6543824262171186
1061.4914313032345,0.8152743202557508,0.5608355555818222,0.1442571623800037,0.024830797442240735,0.6554857740382345
1065.8597087983096,0.8263064980740257,0.5474580454296079,0.1589554400320721,0.00693762214221271,0.660120231293179
1070.2279862933847,0.8221591238587994,0.5648750455510685,0.14256455523580894,0.006686952682357311,0.6602921408811564
1074.5962637884597,0.8273077197478292,0.5584006013487595,0.14156396610297808,0.024561609688898263,0.6621955831012096
1078.9645412835348,0.8365393109090352,0.5505613982471826,0.15107496216022848,0.0045550703303680745,0.6665631028350032
1083.3328187786099,0.8313249174845566,0.5679640296967389,0.13343134975883958,0.011113511968380367,0.6660693608236701
1087.701096273685,0.8391432195099702,0.5557232353929952,0.13871466281956432,0.023002505778680626,0.6687020209005007
1092.06937376876,0.845974208782754,0.5537450613553918,0.1432705588688452,0.0022627820579234265,0.6725317055770461
1096.437651263835,0.8407895703246582,0.5694025866569086,0.1253857550806837,0.016660524352159013,0.6717525893830776
1100.8059287589099,0.8506889530676481,0.5537112710768437,0.13436311737080717,0.021584543403323043,0.6750739013062886
1105.174206253985,0.8545917616976983,0.5571595692071935,0.13493608817257788,0.001077291419973377,0.6780209381900008
1109.54248374906,0.85053995720373,0.5686827376822644,0.11940644275177215,0.02142295705910976,0.6772643227405982
1113.910761244135,0.8618560752665543,0.5522868752727879,0.12918234114783522,0.019884109783538002,0.6812772803027893
1118.2790387392101,0.862603198449712,0.5608932277402602,0.12539812686439952,0.002705299181739967,0.6831565621036884
1122.6473162342852,0.8604775799306064,0.5663608681702482,0.11444505014500907,0.02540001883832558,0.6825962557815014
1127.0155937293603,0.8724029908508458,0.5511236064208879,0.12420755738478839,0.016791604619167403,0.6871476606265463
1131.3838712244353,0.8702931024277313,0.5641480879334496,0.11579188605576515,0.0067867532689486415,0.6880102814419787
1135.7521487195104,0.8706022679581321,0.5633497878656498,0.10904919980651104,0.029563311543830347,0.6878626851794103
1140.1204262145852,0.8820780310523733,0.550572621042892,0.11879219548198341,0.013199075002832811,0.6925747801080426
1144.4887037096603,0.8778087640349501,0.5658917717023411,0.10761460934214295,0.011737166158514717,0.6925289463023997
1148.8569812047353,0.8809213192002693,0.5598682208802019,0.10354476125685699,0.03317809969364518,0.6931281290533526
1153.2252586998104,0.8908341123793845,0.5511823842737978,0.11181437508732986,0.011155046789389781,0.6975974611785442
1157.5935361948855,0.885212816627654,0.5659513457925007,0.10049574696077153,0.01748882071825512,0.6966898375973084
1161.9618136899605,0.8912584286461137,0.5557269479576854,0.09898571725673826,0.034534257602251844,0.698292309674635
1166.3300911850356,0.8987789643615374,0.5526483675950492,0.10390798025131305,0.011054482292785503,0.7022617335762709
1170.6983686801107,0.8926592500965193,0.5648143755412423,0.0931446625920054,0.02497992094647179,0.7006199242609229
1175.0666461751857,0.9013041051083066,0.5513398855200505,0.09487181283560454,0.03375718087769787,0.7032211727761125
1179.4349236702608,0.9059765200312815,0.5539825101537549,0.0966473727859905,0.01197797463681158,0.7064890226095392
1183.8032011653356,0.9003627852349193,0.5625771509450498,0.08573966335431711,0.033448013966957096,0.7044746751361362
1188.1714786604107,0.9108356444201862,0.5476555897854436,0.08978149279722791,0.03252497514671375,0.7079048404092518
1192.5397561554857,0.9124377451997115,0.5546289270985936,0.0900960345864083,0.014308929215390448,0.7101786479640505
1196.9080336505608,0.9083984441646823,0.5588365024547568,0.07950443348996813,0.04071515921966967,0.7082675625414625
1201.2763111456359,0.9197637249535322,0.5450729810463859,0.08378843946998357,0.031373562842091224,0.712384704550313
1205.644588640711,0.9182877285218914,0.5547235098837399,0.08305616785394825,0.019542531743268417,0.7133765444026262
1210.012866135786,0.9166520497965167,0.553655354816853,0.07433738883060949,0.046005621840886426,0.7119223402572423
1214.381143630861,0.9279776598237763,0.5431156275105719,0.07831655687584527,0.029639657481632577,0.7165818688353153
1218.7494211259361,0.9237997849246564,0.5542051258436417,0.07547237732416504,0.027564067953524167,0.7162321298913916
1223.1176986210112,0.9249822428063285,0.5479116894763852,0.06883516836821837,0.05018747054624808,0.7154514398796922
1227.485976116086,0.9352946472219645,0.5413314632158241,0.07368738683989401,0.02795102701933741,0.7203222309266526
1231.854253611161,0.9292245938286834,0.5523934283016791,0.06861842592777817,0.036458459538998185,0.7188149110687492
1236.2225311062361,0.9333138454656765,0.5424022315261965,0.06269737071982298,0.053302071874667054,0.718957081062615
1240.5908086013112,0.9416134578202038,0.5398619490984988,0.06872985921851177,0.02835970687663419,0.7235227476707684
1244.9590860963863,0.9346763667605564,0.5487853609346054,0.06279105539575872,0.04516420546976612,0.7210908047873875
1249.3273635914613,0.941528752328211,0.5371554874876621,0.05721246447783431,0.05423565130978964,0.7224504393428296
1253.6956410865364,0.9470181709424804,0.5387897779573941,0.06305163795121536,0.03168214440942599,0.7262371869928615
1258.0639185816115,0.9402193563539418,0.543743878137666,0.05674270547358802,0.054075754874996926,0.7230890814562353
1262.4321960766865,0.9493764459268818,0.531993218614423,0.05298454470049763,0.05313659487025209,0.7257888037570124
1266.8004735717616,0.9516746590238351,0.5374784328202497,0.05778645881644921,0.03685399072901989,0.7284984611125407
1271.1687510668364,0.9459633237061891,0.5379563784646761,0.049898664476186336,0.06277327261526837,0.7249721330966526
1275.5370285619115,0.956582327438284,0.5272560094979288,0.04899521244778808,0.051939370895957196,0.7288334332967262
1279.9053060569865,0.9557048539639651,0.5350825238400279,0.05348360301177187,0.04328985787319044,0.7302327905110724
1284.2735835520616,0.9519881284402084,0.5316012614065743,0.04338401015065102,0.0694750110048134,0.7268810784731485
1288.6418610471367,0.9629918285496735,0.5234162620477437,0.04461766420463924,0.051915804545579515,0.7315658643968854
1293.0101385422117,0.9592256257037944,0.5314086457597402,0.04901503485757792,0.051671463281889964,0.7313948035809279
1297.3784160372868,0.9582233404139129,0.5245723345410812,0.03806908422193101,0.07340047458735102,0.7288023126105327
1301.7466935323619,0.9685451188424304,0.5202668774458957,0.040841699081744974,0.05269495285416847,0.7339789745947934
1306.114971027437,0.9624412703695555,0.5267642896037544,0.04348477757950005,0.06177591300552847,0.7320986428168693
1310.483248522512,0.9644816430932535,0.5172495296011421,0.03320610048941495,0.07570027010503926,0.7306629859955891
1314.8515260175868,0.9731744670346989,0.5170751466228266,0.03845955200217789,0.054313356780285225,0.7359427971377565
1319.2198035126619,0.9656017336631255,0.5211693557064697,0.037689134139738595,0.07166270298755475,0.7325248329336859
1323.588081007737,0.9705847572045084,0.5104014940862996,0.028090951932447806,0.07733318984271378,0.7324808574742632
1327.956358502812,0.9768229448576765,0.513423926400733,0.036525869211156047,0.058120423143226956,0.7372858840406404
1332.324635997887,0.968876880137288,0.5143181427118998,0.03256280975948163,0.07992121460672727,0.7327550856321668
1336.6929134929621,0.976386214682779,0.5043500640451163,0.023657714580479723,0.07791955796203374,0.7343089216981128
1341.0611909880372,0.9795467899819079,0.5093616369503886,0.03387303238070281,0.06466050384021345,0.7379675551524121
1345.4294684831123,0.9723257749487059,0.5063133395248761,0.02752283022206836,0.08692146527325861,0.7328012328582423
1349.7977459781873,0.9816967444401723,0.49878002290354007,0.021046306348593058,0.07757200392369745,0.73606845984847
1354.1660234732624,0.9815220187280507,0.5047460200125093,0.0308971068548814,0.07252851347350439,0.7380656876266258
1358.5343009683372,0.9759681231302244,0.4978563852410485,0.021740612683330135,0.09300115603495777,0.7327605258248296
1362.9025784634123,0.9862835977359494,0.4934225842690728,0.019716942672419288,0.07796059172992884,0.7375559724247934
1367.2708559584873,0.9829481201491027,0.49902467371350073,0.02842820182126731,0.08039266441627853,0.7376195385759016
1371.6391334535624,0.979809312253411,0.4895408261036861,0.01599974361158257,0.09725572805235858,0.7328135889358619
1376.0074109486375,0.989970280847847,0.4883818504812375,0.018496623986888186,0.08031750749743398,0.7386164692158173
1380.3756884437125,0.9839969165623708,0.49186886741994584,0.02587080618174027,0.08843619679719525,0.7366076661028351
1384.7439659387876,0.9837792487959028,0.48142397203978426,0.011713636599015411,0.09926534281944813,0.733049313915843
1389.1122434338627,0.992689751672336,0.48360547562541145,0.017573730397366913,0.08397573284419876,0.739200789266612
1393.4805209289377,0.9848459312116601,0.48358648262696147,0.022083385749101632,0.0967384554554063,0.735099229190573
1397.8487984240128,0.9877042295578904,0.47350008526474846,0.008842190079135169,0.10039158969691903,0.7333957939102675
1402.2170759190876,0.9944390615293297,0.4785207732173071,0.017789959202492777,0.08808912671938525,0.7392359174319008
1406.5853534141627,0.985689639579831,0.47464576327865127,0.01742168250830771,0.10397487072655483,0.7333110985105247
1410.9536309092377,0.9913696545327046,0.466116276778917,0.006441167695010099,0.10200892404316526,0.7337544142138483
1415.3219084043128,0.9952456877693822,0.4725206219911716,0.01861344509836889,0.0931774509096238,0.7385642847735788
1419.6901858993879,0.9866817036433977,0.4651674766832456,0.013239493134147,0.10909426003246064,0.731459658541599
1424.058463394463,0.9945804562222426,0.45955575395912446,0.004741894764153174,0.10382565619306558,0.7340910830858165
1428.426740889538,0.9952000958104559,0.46549280484271743,0.018593451672654217,0.09960812933601222,0.7370836465304264
1432.795018384613,0.9878874192240663,0.45522024683091955,0.00976079022077345,0.11288458056491801,0.7296430412842138
1437.1632958796881,0.9971537136459014,0.45354178089728486,0.004865140952764975,0.10530594369378574,0.7343286755244154
1441.531573374763,0.9944730342756927,0.45756303685280764,0.017521605237045056,0.10610077277804998,0.7348643275991003
1445.899850869838,0.9892980946989153,0.4452834543121726,0.006178182427596225,0.11647232194480742,0.72792494934267
1450.268128364913,0.9989101571644379,0.4475368278398755,0.006673380008556685,0.107305511844351,0.7342469808216581
1454.6364058599881,0.9932713267812178,0.44861698865366806,0.016416684977220215,0.11131108874153815,0.7320581439606209
1459.0046833550632,0.9908542486168029,0.43596131960102646,0.002729584935537959,0.11951906229811438,0.7264316218262326
1463.3729608501383,0.9997180648831833,0.44129375164188533,0.008731769677229384,0.11065965346062889,0.7335909611976459
1467.7412383452133,0.9917957079554658,0.4384969330305548,0.015443742813509015,0.11566345548223099,0.7287731064157008
1472.1095158402884,0.9924349185576666,0.4274042322667951,0.0008435286346084325,0.1214119326795777,0.7252551604453051
1476.4777933353635,0.9995294751627277,0.43473524097252886,0.010481892881107784,0.11441698099519672,0.732225292425331
1480.8460708304385,0.9902375593106337,0.4275039134771095,0.013623678491902214,0.12009762138094524,0.7251294130697178
1485.2143483255134,0.9938565784808585,0.41941330238331703,0.0009769769904474106,0.12302488314384111,0.7243123721205373
1489.5826258205884,0.9983630750440146,0.4274998928326695,0.012693172212386847,0.11722288634139452,0.7301015065249253
1493.9509033156635,0.9887649765162373,0.416262263012672,0.010873278159621547,0.1241568379713669,0.7213651343133965
1498.3191808107385,0.9949145325222383,0.4119567069245946,0.002052651382260813,0.12547850671794025,0.7233996587052403
1502.6874583058136,0.9962897888762333,0.41908083425177506,0.015461610581529875,0.11939413640162,0.727148929012148
1507.0557358008887,0.9874794579726265,0.40514347781728705,0.008599557699749924,0.12701010629526052,0.7177563267466465
1511.4240132959637,0.9954174339446027,0.4051178668074419,0.0035059798518710904,0.12810266472176252,0.7223435169199719
1515.7922907910388,0.993453221127624,0.4093772373785746,0.017528295749028817,0.12190546178497445,0.7233302365086578
1520.1605682861139,0.986400648871107,0.3942316443422532,0.0076610078191740386,0.129389395523402,0.7144494936367753
1524.528845781189,0.995181689108719,0.3985985144946496,0.00616913807780998,0.1295131672035736,0.7209924393859048
1528.8971232762638,0.9900603031937038,0.3987058063003771,0.01824710652205196,0.12433201056896115,0.7187777374556413
1533.2654007713388,0.9854966938885478,0.3838029050680946,0.0073349293632960656,0.13257671508278604,0.7114652671628608
1537.6336782664139,0.99404207996722,0.3917556641271941,0.010388798931432238,0.12988617146917186,0.7191121298117735
1542.001955761489,0.9863179352709722,0.38727612073291956,0.01864646685876777,0.1257118580613992,0.7137523758357476
1546.370233256564,0.9846941164557822,0.3743318959198809,0.007129617419558947,0.1361249252520959,0.7088194106085245
1550.738510751639,0.9919102926940244,0.3841883004216961,0.014901313766888375,0.13022873306348845,0.7164419778539609
1555.1067882467141,0.9823995345215825,0.37509463785018277,0.019629504904092994,0.12671361618412366,0.708478795916711
1559.4750657417892,0.983843596529644,0.3659208024938091,0.00805987420010116,0.1385534186617027,0.7064999156067965
1563.8433432368643,0.9888026782972433,0.3758801963010002,0.018623057060290375,0.1301546449955482,0.7128687692862209
1568.2116207319393,0.9784760366342434,0.3624617056837754,0.020554538435447883,0.1288999062521317,0.7031286369455509
1572.5798982270142,0.9827210809852727,0.35816486640433787,0.010971756418027733,0.13975949453549544,0.7043329805747355
