r,s,beat_frequency,sector,term_frobenius_norm
1 co +,1 co -,0.0,local shift,0.28045812521658203
1 co +,1 cr -,-2.0,oscillator anomalous,0.26441845623934807
1 co +,2 co -,0.0,qubit exchange,0.06610461405983702
1 co +,2 cr +,3.0,qubit pair,0.06610461405983702
1 co -,1 co +,0.0,local shift,0.28045812521658203
1 co -,1 cr +,2.0,oscillator anomalous,0.26441845623934807
1 co -,2 co +,0.0,qubit exchange,0.06610461405983702
1 co -,2 cr -,-3.0,qubit pair,0.06610461405983702
1 cr +,1 co -,2.0,oscillator anomalous,0.05288369124786962
1 cr +,1 cr -,0.0,local shift,0.05609162504331641
1 cr +,2 co +,3.0,qubit pair,0.013220922811967403
1 cr +,2 cr -,0.0,qubit exchange,0.013220922811967403
1 cr -,1 co +,-2.0,oscillator anomalous,0.05288369124786962
1 cr -,1 cr +,0.0,local shift,0.05609162504331641
1 cr -,2 co -,-3.0,qubit pair,0.013220922811967403
1 cr -,2 cr +,0.0,qubit exchange,0.013220922811967403
2 co +,1 co -,0.0,qubit exchange,0.06610461405983702
2 co +,1 cr +,3.0,qubit pair,0.06610461405983702
2 co +,2 co -,0.0,local shift,0.28045812521658203
2 co +,2 cr -,-2.0,oscillator anomalous,0.26441845623934807
2 co -,1 co +,0.0,qubit exchange,0.06610461405983702
2 co -,1 cr -,-3.0,qubit pair,0.06610461405983702
2 co -,2 co +,0.0,local shift,0.28045812521658203
2 co -,2 cr +,2.0,oscillator anomalous,0.26441845623934807
2 cr +,1 co +,3.0,qubit pair,0.013220922811967403
2 cr +,1 cr -,0.0,qubit exchange,0.013220922811967403
2 cr +,2 co -,2.0,oscillator anomalous,0.05288369124786962
2 cr +,2 cr -,0.0,local shift,0.05609162504331641
2 cr -,1 co -,-3.0,qubit pair,0.013220922811967403
2 cr -,1 cr +,0.0,qubit exchange,0.013220922811967403
2 cr -,2 co +,-2.0,oscillator anomalous,0.05288369124786962
2 cr -,2 cr +,0.0,local shift,0.05609162504331641
