delta_sum,exact,complete,cross_only
-0.05,0.3749962918846047,0.3768386695488447,0.2557295894673075
-0.049,0.387734366069285,0.3895647514862908,0.263519133977453
-0.048,0.4009313835128973,0.4027997613398336,0.2716231167479663
-0.047,0.4145752877029648,0.41655693449258363,0.2800602540694706
-0.046,0.42865697683552867,0.4308494672700679,0.28884117829588235
-0.045000000000000005,0.44317860843838347,0.44569809822670436,0.2979778005605167
-0.044000000000000004,0.4581408116200645,0.4611030116010466,0.3074921543074227
-0.043000000000000003,0.4742768666521658,0.4770814547019412,0.31739417647294377
-0.042,0.4911121131533564,0.4936366711124157,0.32770590266017996
-0.041,0.5084031164858391,0.5107699735076314,0.3384372178516412
-0.04,0.5261474179592784,0.5284817824459123,0.34960701495836877
-0.03900000000000001,0.5444190442387029,0.546767346299044,0.3612362332189224
-0.038000000000000006,0.5630915812939412,0.5656160869428039,0.3733371022981452
-0.037000000000000005,0.5821634340726681,0.5850109058330502,0.38592564520437944
-0.036000000000000004,0.6016947446776125,0.6049274544396805,0.39902236481436476
-0.035,0.6219904563950209,0.6253333746611079,0.4126387244519922
-0.034,0.6432682407634747,0.6461888828755546,0.42678646682301635
-0.033,0.6647711912630637,0.6674480930392375,0.4414840818610298
-0.032,0.6865554941260443,0.6890436259707624,0.4567391182919036
-0.031000000000000003,0.7084582270817936,0.7109026647117064,0.4725653628445634
-0.030000000000000002,0.7303992353179174,0.7329404171371001,0.4889642188160949
-0.029,0.7523696445359221,0.7550618134261464,0.5059417860949597
-0.028000000000000004,0.7741596316672599,0.7771527527309081,0.5235023840827445
-0.027000000000000003,0.7957352998347392,0.7990862811116517,0.5416383267090747
-0.026000000000000002,0.817655355697481,0.8207265686921515,0.560340213539633
-0.025,0.8393013114076143,0.8419226581061108,0.5795937041286594
-0.024,0.8602527562791121,0.8625051293488406,0.5993798464899945
-0.023000000000000003,0.880337245052788,0.8823143799023432,0.6196660658881472
-0.022000000000000002,0.8994006608848424,0.9011632917606127,0.6404135194411982
-0.021,0.9172835477568999,0.9188703697790895,0.6615739646059323
-0.020000000000000004,0.9338221196632389,0.9352583577511013,0.683091985961196
-0.019000000000000003,0.9488494423476205,0.9501415118650139,0.7048993519443925
-0.018000000000000002,0.9621967927325682,0.9633478029559024,0.726909654639574
-0.017,0.9736951987105313,0.9747250771198255,0.7490286054049975
-0.016,0.9832226530673949,0.9841234096196232,0.7711487342893982
-0.015,0.9907057504573951,0.991423831883264,0.7931488329824161
-0.013999999999999999,0.9959513362852629,0.9965304508792011,0.8148935203979731
-0.013000000000000005,0.9989468483890059,0.9993756649279679,0.8362329623650756
-0.012000000000000004,0.999636937777524,0.9999188332464595,0.8570089661766367
-0.011000000000000003,0.9979556819344173,0.9981519456756586,0.8770517939159481
-0.010000000000000002,0.993913171525344,0.9941062322584109,0.8961864664182405
-0.009000000000000001,0.9875326722709863,0.9878300449134302,0.91422697012323
-0.008,0.9788504429480284,0.979417881935539,0.930997026078856
-0.006999999999999999,0.9680381208977018,0.9689725647799695,0.9463073212708183
-0.006000000000000005,0.9556071454257011,0.9566324684073355,0.9599871014345533
-0.0050000000000000044,0.9420522913789707,0.9425482087274131,0.971871101480051
-0.0040000000000000036,0.9268059845788992,0.9268902818789805,0.9818148427802312
-0.0030000000000000027,0.9099063163403596,0.9098277429437303,0.9896910774991527
-0.0020000000000000018,0.8915189060090952,0.8915517734094446,0.995392376876348
-0.0010000000000000009,0.8718391643370292,0.8722371331418759,0.9988434428830246
0.0,0.851025593779796,0.8520701846641732,1.0
0.0010000000000000009,0.8303334054116848,0.8312192836139378,0.9988437318580315
0.0020000000000000018,0.8094910927375958,0.809855180681045,0.9953946683583974
0.0029999999999999957,0.7879786296609939,0.7881294041991515,0.9896987297721401
0.003999999999999997,0.7659170127661202,0.7661872062586068,0.9818326481469398
0.0049999999999999975,0.7434342982342234,0.7441594239890708,0.9719051791818695
0.005999999999999998,0.7207167075729846,0.7221628212762017,0.9600447077739755
0.006999999999999999,0.6993806511157035,0.7003005735763921,0.9463960996844002
0.008,0.6781518123555204,0.6786628650892303,0.931125426375671
0.009000000000000001,0.6568955482111299,0.6573335909902125,0.9144026900172337
0.009999999999999995,0.635770554654049,0.6363735766459935,0.8964192878950183
0.010999999999999996,0.6147682309548648,0.6158371334712176,0.8773487292880123
0.011999999999999997,0.5942100767130594,0.5957694041810733,0.8573753742573609
0.012999999999999998,0.5752199894699775,0.5762063986298699,0.8366780584420301
0.013999999999999999,0.5565532235796162,0.557175786488236,0.815420366843089
0.015,0.5381586158080707,0.5386976703726485,0.793762097973179
0.016,0.5200682920392423,0.5207853311540858,0.7718521936104905
0.017,0.5023769410740802,0.5034459391509485,0.7498251143886054
0.018000000000000002,0.4851021936001909,0.4866812266478685,0.7278011408616646
0.019000000000000003,0.46933245268863244,0.4704881187207169,0.7058868258867758
0.020000000000000004,0.45409493750788643,0.4548678266116136,0.6841755668216252
0.021000000000000005,0.4392216058183737,0.4398076816430396,0.6627482690507547
0.022000000000000006,0.4247162515453093,0.42530066540559874,0.6416765569418527
0.022999999999999993,0.4105918849106037,0.41132996742365063,0.6210197930960264
0.023999999999999994,0.3968983629099208,0.3978907551256742,0.6008212814181451
0.024999999999999994,0.38360407997715246,0.38496323248416775,0.5811192426910805
0.025999999999999995,0.37132538986116986,0.3725320155843954,0.5619433576496883
0.026999999999999996,0.35972407169173454,0.3605816026711694,0.5433155462789333
0.027999999999999997,0.348471290931768,0.3490953380624111,0.52525072114827
0.028999999999999998,0.3375551621941712,0.33805783833474495,0.5077575080103993
0.03,0.3269670002086035,0.32745627489043966,0.49083892869645185
