quantity,value
dispersive_closed_transfer_time,172.62513904338152
selected_mode_closed_transfer_time,31.201334816462733
dispersive_closed_max_receiver_population,0.9994115585652176
selected_mode_closed_max_receiver_population,0.9996111337869077
dispersive_closed_max_bus_population,0.11464856855906139
selected_mode_closed_max_bus_population,0.5098014099266568
dispersive_integrated_bus_exposure,9.932606475639043
selected_mode_integrated_bus_exposure,8.007740524910817
estimated_crossover_kappa,0.033763589453965556
