L,omega_endpoint,eta_max,transfer_error
4,-0.5,0.3057598720731619,0.2516663555774403
4,-0.475,0.25231805122598444,0.19156903328800612
4,-0.45,0.2147783169878209,0.022827242149094817
4,-0.425,0.18696219010017476,0.12028840070545777
4,-0.4,0.1655249142914661,0.018879400925307266
4,-0.375,0.14849798370216,0.012737067444307137
4,-0.35,0.1346473164421278,0.013383134641897998
4,-0.32499999999999996,0.12315997012638608,0.00793603472509452
4,-0.3,0.11347861730852418,0.010920605917754345
4,-0.275,0.10520840057853849,0.038758673691954515
4,-0.25,0.09806175082643942,0.0394337567455223
4,-0.22499999999999998,0.09182426541593204,0.0028952388238945304
4,-0.19999999999999996,0.08633283003704534,0.02806686784359258
4,-0.175,0.08146114794101418,0.026962977288343848
4,-0.14999999999999997,0.07710990690408678,0.002572874137426573
4,-0.125,0.07319993778108566,0.022432426223875757
4,-0.09999999999999998,0.06966735404281929,0.022435420205752843
4,-0.07499999999999996,0.06646003389867883,0.016953083557420534
4,-0.04999999999999999,0.06353503138056625,0.020250856537405548
4,-0.024999999999999967,0.060856642258447925,0.012618859644597302
4,0.0,0.05839493936806388,0.026632317305146147
4,0.025000000000000022,0.06085664225844768,0.012618859644607405
4,0.050000000000000044,0.06353503138056599,0.020250856537401885
4,0.07500000000000007,0.06646003389867854,0.016953083557390336
4,0.10000000000000009,0.06966735404281897,0.022435420205762058
4,0.125,0.07319993778108531,0.022432426223840785
4,0.15000000000000002,0.07710990690408641,0.002572874137462988
4,0.17500000000000004,0.08146114794101376,0.026962977288263135
4,0.20000000000000007,0.08633283003704488,0.02806686784361223
4,0.2250000000000001,0.09182426541593154,0.0028952388239341653
4,0.25,0.09806175082643882,0.0394337567454921
4,0.275,0.10520840057853781,0.03875867369188113
4,0.30000000000000004,0.1134786173085234,0.01092060591774946
4,0.32500000000000007,0.12315997012638519,0.007936034725075425
4,0.3500000000000001,0.13464731644212674,0.013383134641895666
4,0.375,0.14849798370215866,0.012737067444276273
4,0.4,0.16552491429146446,0.0188794009253459
4,0.42500000000000004,0.1869621901001727,0.12028840070543467
4,0.45000000000000007,0.21477831698781824,0.022827242149093818
4,0.4750000000000001,0.25231805122598094,0.1915690332879486
4,0.5,0.3057598720731565,0.25166635557743633
6,-0.5,0.5689286036954205,0.5519198181165126
6,-0.475,1.0436983607318302,0.4858797891981169
6,-0.45,6.306256630359111,
6,-0.425,1.5600967677505144,0.8259027846660187
6,-0.4,0.694181986653554,0.4405862383307749
6,-0.375,0.4464080453876389,0.11904468013311831
6,-0.35,0.3289839944951378,0.06588622875673777
6,-0.32499999999999996,0.26046956694253937,0.18498314976856522
6,-0.3,0.2155739842581932,0.02785587001462353
6,-0.275,0.18387973346800568,0.09993799431655459
6,-0.25,0.16031046915620467,0.09605529935589519
6,-0.22499999999999998,0.1420968366010745,0.06304426522792705
6,-0.19999999999999996,0.12759963681522613,0.0192999936468069
6,-0.175,0.11578668741949481,0.022176708982323268
6,-0.14999999999999997,0.10597564871516907,0.046048190757515206
6,-0.125,0.09769738426446133,0.01490565353282558
6,-0.09999999999999998,0.09061872270554001,0.015252095826695178
6,-0.07499999999999996,0.0844965288024074,0.041892668675380995
6,-0.04999999999999999,0.07914921401974398,0.03422729920326828
6,-0.024999999999999967,0.07443842087827268,0.019880462288069833
6,0.0,0.07025688054211245,0.04106007035914083
6,0.025000000000000022,0.07443842087827283,0.019880462288073164
6,0.050000000000000044,0.07914921401974413,0.03422729920326517
6,0.07500000000000007,0.08449652880240763,0.04189266867535779
6,0.10000000000000009,0.09061872270554026,0.015252095826695844
6,0.125,0.09769738426446159,0.014905653532823804
6,0.15000000000000002,0.10597564871516939,0.046048190757555174
6,0.17500000000000004,0.11578668741949519,0.022176708982284743
6,0.20000000000000007,0.12759963681522662,0.01929999364675561
6,0.2250000000000001,0.1420968366010751,0.06304426522798456
6,0.25,0.16031046915620537,0.09605529935588064
6,0.275,0.1838797334680066,0.09993799431654549
6,0.30000000000000004,0.21557398425819455,0.027855870014645623
6,0.32500000000000007,0.2604695669425415,0.1849831497685388
6,0.3500000000000001,0.3289839944951412,0.06588622875668482
6,0.375,0.44640804538764445,0.11904468013311054
6,0.4,0.6941819866535677,0.44058623833077004
6,0.42500000000000004,1.5600967677505875,0.8259027846660427
6,0.45000000000000007,6.306256630357908,
6,0.4750000000000001,1.0436983607317951,0.4858797891980704
6,0.5,0.5689286036954111,0.5519198181164743
8,-0.5,0.18240933065939682,0.02009528783465009
8,-0.475,0.21811883040317417,0.022229461853039978
8,-0.45,0.27121305873173485,0.11769554110944813
8,-0.425,0.35847185460193753,0.16961378795265036
8,-0.4,0.5285131567133682,0.4157069486325786
8,-0.375,1.0054478372243307,0.4593386700750868
8,-0.35,10.302600027902287,
8,-0.32499999999999996,1.2492880202038452,0.6603407318137657
8,-0.3,0.5889369152480708,0.5726643471888628
8,-0.275,0.38528317899525827,0.36638895514141556
8,-0.25,0.286285848192577,0.12561464049191529
8,-0.22499999999999998,0.2277628759807242,0.1530753239553435
8,-0.19999999999999996,0.18910562688170907,0.06134747132229357
8,-0.175,0.16166662120522854,0.06585382596931577
8,-0.14999999999999997,0.14118136934494208,0.08262785336082556
8,-0.125,0.1253037620475906,0.01948058479003023
8,-0.09999999999999998,0.11263639359017591,0.035312609344343326
8,-0.07499999999999996,0.10229505120863053,0.04514449659648645
8,-0.04999999999999999,0.09369294010187361,0.032375771850784774
8,-0.024999999999999967,0.08642533231238907,0.017917872011612324
8,0.0,0.08020403665343326,0.039998540124491555
8,0.025000000000000022,0.08642533231238897,0.01791787201160988
8,0.050000000000000044,0.09369294010187348,0.03237577185079532
8,0.07500000000000007,0.1022950512086304,0.04514449659647979
8,0.10000000000000009,0.11263639359017577,0.03531260934435965
8,0.125,0.12530376204759036,0.01948058479000081
8,0.15000000000000002,0.1411813693449418,0.08262785336085832
8,0.17500000000000004,0.16166662120522818,0.06585382596933476
8,0.20000000000000007,0.18910562688170865,0.06134747132231777
8,0.2250000000000001,0.22776287598072356,0.15307532395534662
8,0.25,0.2862858481925757,0.12561464049190774
8,0.275,0.38528317899525594,0.3663889551414168
8,0.30000000000000004,0.588936915248066,0.5726643471888526
8,0.32500000000000007,1.2492880202038266,0.660340731813744
8,0.3500000000000001,10.302600027903555,
8,0.375,1.005447837224347,0.45933867007510265
8,0.4,0.5285131567133726,0.41570694863259416
8,0.42500000000000004,0.3584718546019393,0.16961378795266036
8,0.45000000000000007,0.2712130587317359,0.11769554110946057
8,0.4750000000000001,0.21811883040317476,0.022229461853020216
8,0.5,0.18240933065939732,0.02009528783477177
10,-0.5,0.1175820161790066,0.04716125004757743
10,-0.475,0.13302323806249136,0.056862091026805284
10,-0.45,0.1531331397795235,0.05584741206260657
10,-0.425,0.18040620149443942,0.029899289450199484
10,-0.4,0.21949905399200179,0.07664313814979784
10,-0.375,0.28022115987920615,0.0512665660444126
10,-0.35,0.3873879693255596,0.37064161047894784
10,-0.32499999999999996,0.6272844676608064,0.5696865514723555
10,-0.3,1.6475695474794194,0.8558973515943739
10,-0.275,2.6297536302813467,
10,-0.25,0.7312709612728644,0.394492808214975
10,-0.22499999999999998,0.424682445443106,0.18340117672039669
10,-0.19999999999999996,0.2992292761847404,0.26638814321109683
10,-0.175,0.23099289950036064,0.08807139034895672
10,-0.14999999999999997,0.188098772175384,0.050019171112078875
10,-0.125,0.15864015642098392,0.08901519731459795
10,-0.09999999999999998,0.1371592981716102,0.05087727405625364
10,-0.07499999999999996,0.12080196503643988,0.01841719184805035
10,-0.04999999999999999,0.1079304085890117,0.04577251874242616
10,-0.024999999999999967,0.09753768210791047,0.04990949034247982
10,0.0,0.08897061319828893,0.051640400912574935
10,0.025000000000000022,0.09753768210790963,0.04990949034249381
10,0.050000000000000044,0.1079304085890107,0.045772518742463686
10,0.07500000000000007,0.12080196503643868,0.01841719184807633
10,0.10000000000000009,0.13715929817160868,0.05087727405616915
10,0.125,0.15864015642098184,0.08901519731460628
10,0.15000000000000002,0.1880987721753812,0.050019171112055894
10,0.17500000000000004,0.23099289950035656,0.08807139034900113
10,0.20000000000000007,0.2992292761847339,0.2663881432110544
10,0.2250000000000001,0.4246824454430933,0.1834011767204009
10,0.25,0.7312709612728254,0.39449280821499944
10,0.275,2.629753630280856,
10,0.30000000000000004,1.6475695474796002,0.8558973515944237
10,0.32500000000000007,0.6272844676608309,0.5696865514723405
10,0.3500000000000001,0.3873879693255687,0.3706416104789869
10,0.375,0.2802211598792111,0.051266566044436246
10,0.4,0.2194990539920047,0.07664313814980905
10,0.42500000000000004,0.18040620149444125,0.029899289450252553
10,0.45000000000000007,0.15313313977952478,0.0558474120625444
10,0.4750000000000001,0.13302323806249225,0.056862091026793626
10,0.5,0.11758201617900732,0.047161250047541015
