t,initial_layer_abs,response_real,response_imag
0.0,1.0,0.0,0.0
0.02,0.9880717128619305,0.00019840057411991198,-0.019879157199108405
0.04,0.9762857097579092,0.0007872098329572749,-0.03951334140891872
0.06,0.9646402934831231,0.001756853026940817,-0.05889780862491982
0.08,0.9531337870775047,0.0030977777668230156,-0.07802806156607123
0.1,0.9417645335842488,0.0048004586278250294,-0.0968998462412171
0.12,0.9305308958112057,0.0068554016301057095,-0.11550914846615833
0.14,0.9194312560951247,0.009253148596076465,-0.13385219033442225
0.16,0.9084640160687061,0.011984281385142835,-0.15192542664472752
0.18,0.8976275964304348,0.015039426006501638,-0.1697255412880896
0.2,0.8869204367171575,0.01840925661067599,-0.18724944359746673
0.22,0.8763409950793732,0.02208449936051738,-0.20449426466279602
0.24,0.8658877480592051,0.026055936182453967,-0.22145735361422242
0.26,0.8555591903710185,0.030314408398807047,-0.23813627387627104
0.28,0.8453538346846586,0.034850820242044604,-0.25452879939566625
0.3,0.835270211411272,0.03965614225188291,-0.27063291084544966
0.32,0.8253068684916823,0.04472141455618795,-0.2864467918079999
0.34,0.8154623711872926,0.05003775003666885,-0.301968824939505
0.36,0.8057353018734797,0.05559633738039452,-0.3171975881183899
0.38,0.7961242598354538,0.06138844401819963,-0.3321318505801497
0.4,0.7866278610665535,0.06740541895108447,-0.3467705690409874
0.42,0.777244738068946,0.07363869546574428,-0.361112883812607
0.44,0.7679735396567061,0.08007979374039767,-0.37515811491045825
0.46,0.7588129307612413,0.08672032334211734,-0.3889057581576816
0.48,0.7497615922390414,0.09355198561688978,-0.4023554812869478
0.5,0.7408182206817178,0.10056657597366664,-0.4155071200423399
0.52,0.7319815282283125,0.10775598606369223,-0.4283606742833684
0.54,0.7232502423798424,0.11511220585641946,-0.4409163040931664
0.56,0.7146231058160573,0.12262732561335109,-0.4531743258928553
0.58,0.7060988762143845,0.13029353776116592,-0.4651352085640243
0.6,0.6976763260710311,0.13810313866551138,-0.47679956958121505
0.62,0.6893542425242223,0.14604853030686438,-0.48816817115625255
0.64,0.6811314271795471,0.15412222185988228,-0.4992419163962151
0.66,0.6730066959373864,0.16231683117768542,-0.5100218454767835
0.68,0.6649788788224019,0.17062508618252337,-0.5205091318326629
0.7000000000000001,0.6570468198150567,0.179039826164304,-0.5307050783667182
0.72,0.6492093766851474,0.18755400298846509,-0.5406111136794195
0.74,0.6414654208273198,0.19616068221469632,-0.5502287883201404
0.76,0.6338138370985491,0.20485304412801777,-0.5595597710618067
0.78,0.6262535236575559,0.21362438468374542,-0.5686058452003435
0.8,0.6187833918061408,0.2224681163678715,-0.577368904880324
0.8200000000000001,0.6114023658324087,0.23137776897440945,-0.5858509514481693
0.84,0.6041093828558647,0.24034699030124929,-0.594054089834211
0.86,0.596903392674358,0.2493695467660854,-0.6019805249648726
0.88,0.5897833576128504,0.2584393239439802,-0.6096325582061863
0.9,0.5827482523739898,0.2675503270281315,-0.617012583839813
0.92,0.5757970638904645,0.2766966812154199,-0.6241230855726885
0.9400000000000001,0.5689287911791218,0.2858726320183103,-0.6309666330813757
0.96,0.5621424451968224,0.2950725455046881,-0.6375458785921557
0.98,0.5554370486980182,0.3042909084672086,-0.6438635534978498
1.0,0.5488116360940265,0.3135223285237405,-0.6499224650123178
1.02,0.5422652533139832,0.3227615341504864,-0.6557254928635403
1.04,0.535796957667456,0.3320033746493528,-0.6612755860261459
1.06,0.5294058177086945,0.3412428200511541,-0.6665757594942026
1.08,0.5230909131025008,0.35047496095621666,-0.6716290910950563
1.1,0.5168513344916992,0.35969500831395973,-0.676438718344953
1.12,0.5106861833661879,0.36889829314301414,-0.6810078353471459
1.1400000000000001,0.5045945719335512,0.37808026619344165,-0.6853396897331452
1.16,0.49857562299121655,0.38723649755260847,-0.6894375796477328
1.18,0.49262846980013547,0.39636267619626236,-0.6933048507783256
1.2,0.4867522559599717,0.4054546094863523,-0.6969448934292288
1.22,0.480946135285778,0.41450822261712494,-0.7003611396412923
1.24,0.47520927168614446,0.4235195580110212,-0.703557060357437
1.26,0.46954083904279925,0.43248477466588936,-0.7065361626344897
1.28,0.4639400210916467,0.44140014745501877,-0.7093019869017264
1.3,0.4584060113052235,0.4502620663814902,-0.7118581042664887
1.32,0.45293801277655776,0.45906703578832564,-0.7142081138672066
1.34,0.4475352381044124,0.4678116735259122,-0.7163556402741269
1.36,0.4421969092798987,0.47649271007815946,-0.7183043309380094
1.3800000000000001,0.43692225757444125,0.48510698764883875,-0.7200578536870299
1.4000000000000001,0.43171052342907973,0.49365145920953957,-0.7216198942720872
1.42,0.4265609563450914,0.5021231875106665,-0.72299415396069
1.44,0.4214728147759176,0.5105193440568826,-0.7241843471795615
1.46,0.4164453660203801,0.5188372080483936,-0.7251941992060748
1.48,0.41147788611717057,0.527074165289454,-0.7260274439086032
1.5,0.4065696597405991,0.5352277070654571,-0.7266878215358381
1.52,0.40171998009758597,0.5432954289899561,-0.7271790765551022
1.54,0.39692814882588257,0.5512750298229541,-0.7275049555396579
1.56,0.392193475893505,0.5591643102617737,-0.7276692051049855
1.58,0.38751527949936976,0.5669611717058104,-0.7276755698939775
1.6,0.382892885975112,0.5746636149964509,-0.7275277906109735
1.62,0.3783256296880768,0.5822697391334247,-0.7272296021045336
1.6400000000000001,0.3738128529454665,0.589777739968834,-0.7267847314988237
1.6600000000000001,0.36935390589963196,0.597185908880098,-0.7261968963734674
1.68,0.36494814645449375,0.6044926314230219,-0.7254698029916905
1.7,0.36059494017307825,0.6116963859661856,-0.7246071445765663
1.72,0.3562936601861588,0.6187957423078311,-0.7236125996351479
1.74,0.3520436871019846,0.6257893602764061,-0.7224898303302524
1.76,0.34784440891708734,0.632675988315903,-0.7212424808996423
1.78,0.34369522092815236,0.6394544620571141,-0.7198741761223283
1.8,0.33959552564493906,0.6461237028759078,-0.718388519831704
1.82,0.3355447327042426,0.6526827164396044,-0.7167890934751968
1.84,0.3315422587848797,0.6591305912425168,-0.7150794547201088
1.86,0.3275875275236895,0.6654664971317027,-0.7132631361053013
1.8800000000000001,0.3236799694325367,0.6716896838239466,-0.71134364373836
1.9000000000000001,0.3198190218163039,0.6777994794149849,-0.7093244560378624
1.92,0.31600412869186256,0.6837952888819517,-0.7072090225203546
1.94,0.31223474070801055,0.6896765925800158,-0.7050007626316289
1.96,0.3085103150663648,0.6954429447341536,-0.7027030646218804
1.98,0.30483031544319683,0.7010939719269813,-0.7003192844643044
2.0,0.30119421191220214,0.7066293715835588,-0.6978527448166898
2.02,0.29760148086818883,0.7120489104540432,-0.6953067340255418
2.04,0.29405160495167837,0.7173524230950659,-0.6926845051722661
2.06,0.2905440729744046,0.7225398103506766,-0.6899892751609257
2.08,0.28707837984570167,0.7276110378336792,-0.6872242238470756
2.1,0.2836540264997704,0.7325661344081708,-0.6843924932071721
2.12,0.28027051982381157,0.7374051906740671,-0.6814971865480369
2.14,0.27692737258701705,0.7421283574543843,-0.6785413677558549
2.16,0.273624103370408,0.7467358442860241,-0.6755280605841685
2.18,0.270360236497509,0.7512279179147884,-0.6724602479803286
2.2,0.26713530196585034,0.755604900795336,-0.6693408714498519
2.22,0.2639488353792868,0.7598671695967673,-0.666172830458127
2.24,0.26080037788112365,0.7640151537145075,-0.6629589818689043
2.2600000000000002,0.25768947608804055,0.7680493337891395,-0.6597021394190006
2.2800000000000002,0.2546156820248037,0.7719702402328172,-0.6564050732286418
2.3000000000000003,0.25157855305975646,0.7757784517638727,-0.6530705093468616
2.32,0.2485776518410797,0.7794745939502068,-0.649701129331367
2.34,0.24561254623381223,0.7830593377620437,-0.6462995698622834
2.36,0.24268280925762298,0.7865333981346009,-0.6428684223891803
2.38,0.2397880190253247,0.7898975325412125,-0.6394102328107788
2.4,0.23692775868212174,0.7931525395774268,-0.6359275011867376
2.42,0.2341016163455822,0.7962992575565777,-0.6324226814809139
2.44,0.23130918504632592,0.7993385631173122,-0.6288981813354874
2.46,0.2285500626694205,0.80227136984354,-0.6253563618753396
2.48,0.22582385189647586,0.8050986268972516,-0.6217995375420754
2.5,0.22313016014842982,0.8078213176646364,-0.6182299759570717
2.52,0.2204685995290159,0.8104404584159084,-0.6146498978129417
2.54,0.21783878676890575,0.8129570969792422,-0.6110614767927941
2.56,0.21524034317051757,0.8153723114291903,-0.6074668395166785
2.58,0.21267289455348307,0.8176872087899468,-0.6038680655145935
2.6,0.21013607120076472,0.8199029237538026,-0.6002671872254487
2.62,0.20762950780541617,0.8220206174151197,-0.5966661900213601
2.64,0.20515284341797718,0.8240414760201368,-0.5930670122566706
2.66,0.2027057213944961,0.8259667097329038,-0.589471545341077
2.68,0.20028778934517302,0.8277975514176252,-0.5858816338362587
2.7,0.19789869908361465,0.8295352554376778,-0.5822990755753925
2.72,0.19553810657669488,0.8311810964715539,-0.5787256218049529
2.74,0.19320567189501364,0.832736368345963,-0.5751629773481871
2.7600000000000002,0.19090105916394629,0.834202382886315,-0.5716128007896683
2.7800000000000002,0.18862393651527715,0.8355804687847872,-0.5680767046803236
2.8000000000000003,0.18637397603940994,0.8368719704861703,-0.564556255762345
2.82,0.1841508537381482,0.8380782470916676,-0.5610529752133867
2.84,0.18195424947803895,0.839200671280812,-0.5575683389094643
2.86,0.17978384694427293,0.8402406282516514,-0.5541037777059676
2.88,0.17763933359513492,0.8411995146793374,-0.5506606777362093
2.9,0.1755204006169969,0.8420787376932417,-0.5472403807269309
2.92,0.17342674287984833,0.8428797138727107,-0.5438441843301961
2.94,0.17135805889335734,0.8436038682615542,-0.5404733424711017
2.96,0.1693140507634552,0.8442526334013578,-0.5371290657107494
2.98,0.16729442414943904,0.8448274483836866,-0.5338125216239142
3.0,0.16529888822158653,0.8453297579212471,-0.5305248351908657
3.02,0.1633271556192758,0.8457610114380526,-0.5272670892027878
3.04,0.16137894240960496,0.8461226621786336,-0.5240403246802652
3.06,0.15945396804650525,0.846416166336319,-0.5208455413042946
3.08,0.15755195533034197,0.8466429822006029,-0.5176836978592958
3.1,0.15567263036799733,0.8468045693236068,-0.5145557126875983
3.12,0.15381572253342932,0.8469023877056288,-0.5114624641548885
3.14,0.1519809644287009,0.8469378969997653,-0.508404791126107
3.16,0.15016809184547464,0.846912555735581,-0.5053834934512896
3.18,0.14837684372696586,0.8468278205617957,-0.5023993324608612
3.2,0.14660696213035015,0.8466851455079376,-0.4994530314698836
3.22,0.1448581921896193,0.8464859812649159,-0.4965452762907842
3.24,0.14313028207887982,0.846231774484448,-0.4936767157540781
3.2600000000000002,0.14142298297609007,0.8459239670972714,-0.49084796223662325
3.2800000000000002,0.13973604902722894,0.8455639956500611,-0.4880595921969404
3.3000000000000003,0.13806923731089282,0.8451532906609663,-0.4853121467171441
3.3200000000000003,0.13642230780331427,0.8446932759936693,-0.48260613205103914
3.34,0.13479502334379817,0.8441853682498647,-0.4799420201779366
3.36,0.1331871496005706,0.8436309761800507,-0.4773202493617609
3.38,0.131598455037034,0.8430315001125116,-0.4747412247150199
3.4,0.13002871087842593,0.8423883314003678,-0.47220531876721955
3.42,0.12847769107887505,0.8417028518865657,-0.4697128720373113
3.44,0.12694517228885002,0.8409764333866624,-0.46726419360977206
3.46,0.12543093382299692,0.8402104371892704,-0.4648595617139169
3.48,0.12393475762836002,0.8394062135740022,-0.46249922430605916
3.5,0.1224564282529819,0.8385651013467681,-0.46018339965413757
3.52,0.12099573281487794,0.8376884273922584,-0.4579122769244351
3.54,0.11955246097138095,0.8367775062434467,-0.4556860167700279
3.56,0.11812640488885147,0.8358336396679421,-0.4535047519206048
3.58,0.11671735921274938,0.8348581162710099,-0.45136858777330796
3.6,0.11532512103806251,0.8338522111150842,-0.4492776029842545
3.62,0.11394948988008786,0.8328171853555789,-0.44723185006040295
3.64,0.11259026764556165,0.8317542858928147,-0.44523135595143976
3.66,0.11124725860413329,0.8306647450398581,-0.44327612264136595
3.68,0.10992026936018012,0.8295497802060817,-0.44136612773947487
3.7,0.10860910882495796,0.8284105935962366,-0.4395013250704156
3.72,0.10731358818908401,0.8272483719248354,-0.43768164526304854
3.74,0.1060335208953481,0.8260642861456328,-0.43590699633780333
3.7600000000000002,0.1047687226118479,0.8248594911959949,-0.4341772642922616
3.7800000000000002,0.10351901120544502,0.8236351257559378,-0.43249231368468904
3.8000000000000003,0.10228420671553742,0.8223923120216181,-0.430851988215253
3.8200000000000003,0.10106413132814487,0.8211321554930573,-0.4292561113046693
3.84,0.09985860935030322,0.8198557447758728,-0.427704486670026
3.86,0.09866746718476452,0.8185641513967906,-0.42619689889754264
3.88,0.09749053330499859,0.8172584296327157,-0.42473311401203073
3.9,0.09632763823049305,0.8159396163531243,-0.42331288004282513
3.92,0.09517861450234763,0.8146087308755531,-0.42193592758596854
3.94,0.09404329665915999,0.8132667748339476,-0.4206019703624341
3.96,0.09292152121319888,0.8119147320596383,-0.41931070577218077
3.98,0.09181312662686165,0.8105535684747082,-0.41806181544384147
4.0,0.09071795328941251,0.8091842319975154,-0.41685496577985376
4.0200000000000005,0.08963584349399838,0.8078076524601325,-0.4156898084968465
4.04,0.08856664141493896,0.8064247415374665,-0.414565981161106
4.0600000000000005,0.0875101930852871,0.8050363926878171,-0.41348310771894853
4.08,0.08646634637465793,0.8036434811046385,-0.4124407990218379
4.1,0.08543495096732126,0.8022468636792599,-0.41143865334608676
4.12,0.08441585834055614,0.8008473789743299,-0.4104762569069945
4.14,0.08340892174326342,0.79944584720774,-0.4095531843672745
4.16,0.08241399617483297,0.7980430702467919,-0.4086689993396336
4.18,0.08143093836426385,0.7966398316123638,-0.40782325488337356
4.2,0.08045960674953243,0.7952368964928426,-0.4070154939948882
4.22,0.07949986145720789,0.7938350117675761,-0.406245250091937
4.24,0.07855156428230956,0.7924349060396124,-0.4055120474915834
4.26,0.07761457866840567,0.7910372896774847,-0.4048154018816909
4.28,0.0766887696879486,0.7896428548658078,-0.4041548207858756
4.3,0.07577400402284551,0.7882522756644482,-0.4035298040218218
4.32,0.07487014994525974,0.7868662080760316,-0.4029398441528699
4.34,0.0739770772986424,0.7854852901215575,-0.4023844269327961
4.36,0.07309465747898901,0.7841101419238843,-0.40186303174370197
4.38,0.07222276341632082,0.7827413657988553,-0.4013751320269474
4.4,0.07136126955638607,0.7813795463538348,-0.40092019570705506
4.42,0.07051005184258033,0.780025250593426,-0.4004976856085295
4.44,0.06966898769808186,0.778679028032144,-0.4001070598655318
4.46,0.06883795600820052,0.777341410813815,-0.39974777232435954
4.48,0.06801683710293688,0.7760129138374856,-0.39941927293868906
4.5,0.06720551273974978,0.7746940348896099,-0.39912100815753515
4.5200000000000005,0.06640386608652883,0.7733852547823045,-0.39885242130589516
4.54,0.06561178170477083,0.7720870374974448,-0.3986129529580453
4.5600000000000005,0.06482914553295596,0.7707998303363941,-0.39840204130346335
4.58,0.06405584487012321,0.7695240640751438,-0.39821912250535507
4.6000000000000005,0.0632917683596407,0.7682601531246609,-0.39806363105176834
4.62,0.06253680597317078,0.7670084956962255,-0.39793500009928
4.64,0.061790848994825044,0.7657694739715579,-0.39783266180924953
4.66,0.06105379000550968,0.7645434542775247,-0.39775604767663236
4.68,0.060325522867456564,0.7633307872652256,-0.3977045888513549
4.7,0.05960594270893937,0.7621318080932578,-0.3976777164522528
4.72,0.05889494590917182,0.7609468366149625,-0.39767486187358214
4.74,0.058192430083386155,0.7597761775694568,-0.39769545708411297
4.76,0.057498294068089484,0.7586201207762598,-0.39773893491882173
4.78,0.05681243790649615,0.7574789413333226,-0.3978047293632007
4.8,0.05613476283413373,0.7563528998182747,-0.39789227583020725
4.82,0.05546517126462074,0.755242242492702,-0.398001011429877
4.84,0.054803566775614154,0.7541472015092779,-0.3981303752316327
4.86,0.05414985409492426,0.7530679951215624,-0.39827980851931843
4.88,0.05350393908679544,0.7520048278962995,-0.3984487550389955
4.9,0.052865728738350375,0.7509578909280353,-0.3986366612395396
4.92,0.05223513114619603,0.7499273620558892,-0.3988429765060785
4.94,0.05161205550318948,0.7489134060823072,-0.39906715338631593
4.96,0.05099641208536146,0.7479161749936369,-0.39930864780978953
4.98,0.05038811223899596,0.7469358081823602,-0.3995669193001099
5.0,0.049787068367863944,0.7459724326708232,-0.39984143118023585
5.0200000000000005,0.04919319392060936,0.7450261633363113,-0.4001316507708393
5.04,0.048606403378285604,0.7440971031373147,-0.40043704958181686
5.0600000000000005,0.04802661224204058,0.7431853433408331,-0.40075710349700905
5.08,0.047453737020948794,0.7422909637505757,-0.4010912929521872
5.1000000000000005,0.046887695219988486,0.7414140329359107,-0.4014391031063732
5.12,0.046328405328162174,0.7405546084614233,-0.40180002400655784
5.14,0.045775786806759006,0.7397127371169452,-0.40217355074588557
5.16,0.04522976007775691,0.7388884551479218,-0.4025591836153757
5.18,0.04469024651236345,0.7380817884859815,-0.40295642824925193
5.2,0.044157168419692854,0.7372927529795833,-0.4033647957639534
5.22,0.043630449035578694,0.7365213546246133,-0.4037838028909026
5.24,0.043110012511519386,0.735767589794808,-0.4042129721031064
5.26,0.04259578390375624,0.735031445471887,-0.4046518317356693
5.28,0.042087689162481054,0.7343128994752744,-0.40509991610029755
5.3,0.04158565512117319,0.733611920691299,-0.4055567655938753
5.32,0.04108960948606307,0.7329284693017586,-0.4060219268011958
5.34,0.040599480825722185,0.7322624970117456,-0.4064949525919294
5.36,0.040115198560776416,0.7316139472766234,-0.40697540221191536
5.38,0.03963669295374283,0.7309827555280562,-0.4074628413688597
5.4,0.03916389509898707,0.7303688493989907,-0.4079568423125292
5.42,0.038696736912801136,0.729772148947494,-0.40845698390952667
5.44,0.03823515112359889,0.7291925668793556,-0.4089628517127358
5.46,0.03777907126222914,0.728630008769362,-0.4094740380255264
5.48,0.03732843165240367,0.728084373281157,-0.40999014196080813
5.5,0.036883167401240015,0.7275555523856025,-0.4105107694950234
5.5200000000000005,0.036443214389916524,0.7270434315775589,-0.41103553351717137
5.54,0.03600850926443939,0.7265478900910052,-0.4115640538729535
5.5600000000000005,0.035578989426519304,0.7260688011124231,-0.41209595740413285
5.58,0.03515459302455745,0.7256060319923714,-0.41263087798320025
5.6000000000000005,0.03473525894473855,0.7251594444551799,-0.4131684565434383
5.62,0.03432092680223053,0.7247288948066939,-0.4137083411044786
5.64,0.033911536932488856,0.7243142341400063,-0.4142501867934429
5.66,0.03350703038266488,0.7239153085391103,-0.4147936558617631
5.68,0.03310734890311644,0.7235319592804182,-0.41533841769777297
5.7,0.03271243493901982,0.7231640230320819,-0.41588414883516506
5.72,0.03232223162208177,0.7228113320510666,-0.4164305329574073
5.74,0.03193668276235039,0.7224737143779202,-0.4169772608982101
5.76,0.03155573284012364,0.7221509940291903,-0.4175240306381409
5.78,0.03117932699795444,0.7218429911874429,-0.4180705472974766
5.8,0.030807411032751073,0.7215495223888329,-0.41861652312538816
5.82,0.030439931387971887,0.7212704007081886,-0.4191616774855496
5.84,0.03007683514591303,0.721005435941567,-0.41970573683826523
5.86,0.0297180700200882,0.7207544347862415,-0.4202484347192047
5.88,0.029363584347699336,0.7205172010180877,-0.4207895117148408
5.9,0.029013327082197053,0.7202935356663329,-0.42132871543467915
5.92,0.028667247785929884,0.7200832371856374,-0.4218658004803715
5.94,0.028325296622881115,0.7198861016254788,-0.4224005284118038
5.96,0.02798742435149241,0.719701922796813,-0.4229326677102478
5.98,0.02765358231757281,0.7195304924359853,-0.4234619937386666
6.0,0.027323722447292566,0.7193716003658704,-0.4239882886992628
6.0200000000000005,0.02699779724026034,0.7192250346542185,-0.4245113415883565
6.04,0.02667575976268315,0.7190905817691909,-0.4250309481486825
6.0600000000000005,0.026357563640607692,0.7189680267320656,-0.4255469108191915
6.08,0.02604316305324259,0.7188571532671011,-0.4260590386824436
6.1000000000000005,0.025732512726359943,0.7187577439485416,-0.4265671474096776
6.12,0.025425567925775907,0.7186695803447554,-0.42707105920364186
6.140000000000001,0.025122284450908753,0.7185924431594952,-0.42757060273927006
6.16,0.024822618628414065,0.7185261123702741,-0.428065613102285
6.18,0.024526527305895544,0.7184703673638486,-0.4285559317258128
6.2,0.024233967845691123,0.7184249870688088,-0.42904140632508836
6.22,0.023944898118732977,0.7183897500852685,-0.42952189083033254
6.24,0.023659276498480913,0.7183644348116575,-0.4299972453178805
6.26,0.02337706185492805,0.7183488195686147,-0.43046733593964
6.28,0.023098213548678057,0.7183426827199861,-0.4309320348509568
6.3,0.02282269142509298,0.7183458027909289,-0.43139122013696385
6.32,0.02255045580851091,0.7183579585831287,-0.43184477573748964
6.34,0.022281467496532648,0.7183789292871363,-0.4322925913706008
6.36,0.02201568775437645,0.7184084945918311,-0.4327345624548514
6.38,0.021753078309300164,0.7184464347910197,-0.4331705900303128
6.4,0.02149360134508992,0.7184925308871837,-0.433600580678454
6.42,0.021237219496614494,0.7185465646923841,-0.4340244464409436
6.44,0.020983895844444666,0.7186083189263396,-0.43444210473744377
6.46,0.020733593909536788,0.7186775773116891,-0.43485347828245974
6.48,0.020486277647979705,0.7187541246664576,-0.4352584950013192
6.5,0.02024191144580439,0.7188377469937407,-0.43565708794534047
6.5200000000000005,0.02000046011385546,0.7189282315686237,-0.4360491952062585
6.54,0.01976188888272389,0.7190253670223574,-0.4364347598299703
6.5600000000000005,0.019526163397740135,0.7191289434238083,-0.4368137297296639
6.58,0.019293249714027027,0.719238752358204,-0.4371860575983899
6.6000000000000005,0.019063114291611637,0.7193545870031972,-0.4375517008211384
6.62,0.018835723990595455,0.7194762422022688,-0.43791062138647835
6.640000000000001,0.01861104606638221,0.7196035145354958,-0.4382627857978184
6.66,0.018389048164962566,0.7197362023877073,-0.43860816498434424
6.68,0.018169698318255097,0.7198741060140542,-0.43894673421169084
6.7,0.017952964939502866,0.7200170276030183,-0.4392784729924012
6.72,0.01773881681872477,0.7201647713368887,-0.4396033649962257
6.74,0.017527223118221413,0.7203171434497317,-0.43992139796031415
6.76,0.01731815336813426,0.7204739522828836,-0.44023256359935226
6.78,0.01711157746205803,0.7206350083379949,-0.44053685751568983
6.8,0.01690746565270528,0.7208001243276551,-0.44083427910951206
6.82,0.01670578854762277,0.7209691152236282,-0.4411248314890983
6.84,0.016506517104958845,0.7211417983027318,-0.4414085213812167
6.86,0.01630962262928145,0.7213179931903871,-0.4416853590416992
6.88,0.016115076767445818,0.7214975219018748,-0.4419553581662387
6.9,0.015922851504511695,0.7216802088813282,-0.44221853580145487
6.92,0.015732919159709032,0.7218658810384956,-0.44247491225626634
6.94,0.015545252382451994,0.7220543677833064,-0.44272451101361127
6.96,0.015359824148400343,0.7222455010582728,-0.44296735864255604
6.98,0.015176607755567978,0.722439115368762,-0.443203484710829
7.0,0.014995576820477701,0.7226350478111739,-0.4434329216978163
7.0200000000000005,0.014816705274362074,0.7228331380990565,-0.4436557049080571
7.04,0.014639967359409325,0.7230332285871964,-0.4438718723852702
7.0600000000000005,0.014465337625054335,0.7232351642937178,-0.444081464826948
7.08,0.01429279092431356,0.7234387929202262,-0.4442845254995494
7.1000000000000005,0.014122302410163962,0.7236439648700311,-0.4444811001543233
7.12,0.013953847531964866,0.7238505332644869,-0.44467123694379107
7.140000000000001,0.013787402031922757,0.7240583539574812,-0.4448549863389215
7.16,0.013622941941597973,0.7242672855481153,-0.4450324010470214
7.18,0.013460443578453348,0.7244771893916053,-0.4452035359303728
7.2,0.013299883542443769,0.7246879296084442,-0.4453684479256404
7.22,0.01314123871264662,0.7248993730918613,-0.44552719596407603
7.24,0.012984486243932253,0.7251113895136122,-0.44567984089254253
7.26,0.012829603563674321,0.7253238513281411,-0.44582644539538147
7.28,0.012676568368499208,0.7255366337751458,-0.44596707391714596
7.3,0.012525358621074385,0.7257496148805859,-0.4461017925862188
7.32,0.012375952546934913,0.7259626754561705,-0.44623066913933923
7.34,0.012228328631347957,0.7261756990973592,-0.4463537728470514
7.36,0.012082465616214552,0.7263885721799146,-0.4464711744401003
7.38,0.011938342497008501,0.7266011838550427,-0.4465829460367849
7.4,0.011795938519751564,0.7268134260431566,-0.4466891610712909
7.42,0.011655233178024955,0.727025193426299,-0.4467898942230138
7.44,0.011516206210016313,0.7272363834392609,-0.4468852213468897
7.46,0.011378837595602027,0.72744689625943,-0.4469752194047462
7.48,0.011243107553464221,0.7276566347954081,-0.44705996639768664
7.5,0.011108996538242306,0.7278655046744273,-0.44713954129951833
7.5200000000000005,0.010976485237718327,0.7280734142286059,-0.44721402399123733
7.54,0.01084555457003605,0.7282802744800753,-0.4472834951965794
7.5600000000000005,0.01071618568095305,0.7284859991250132,-0.4473480364186458
7.58,0.010588359941125778,0.7286905045166197,-0.4474077298776132
7.6000000000000005,0.010462058943426795,0.7288937096470669,-0.44746265844953587
7.62,0.010337264500294195,0.7290955361284603,-0.44751290560624557
7.640000000000001,0.010213958641112509,0.7292959081728418,-0.44755855535635763
7.66,0.010092123609624958,0.7294947525712702,-0.44759969218738654
7.68,0.009971741861376464,0.7296919986720112,-0.44763640100897734
7.7,0.009852796061187259,0.7298875783578707,-0.4476687670972561
7.72,0.00973526908065658,0.7300814260227027,-0.4476968760403032
7.74,0.009619143995696133,0.7302734785471247,-0.44772081368475236
7.76,0.009504404084093036,0.7304636752734731,-0.44774066608351604
7.78,0.009391032823101731,0.7306519579800281,-0.44775651944464095
7.8,0.009279013887064745,0.7308382708545417,-0.44776846008129206
7.82,0.009168331145061697,0.7310225604670969,-0.447776574362866
7.84,0.009058968658586502,0.7312047757423326,-0.4477809486672355
7.86,0.008950910679252104,0.7313848679310581,-0.44778166933411845
7.88,0.008844141646522776,0.7315627905812938,-0.4477788226195768
7.9,0.00873864618547329,0.7317384995087617,-0.4477724946516367
7.92,0.008634409104574973,0.7319119527668572,-0.4477627713870316
7.94,0.008531415393508037,0.7320831106161314,-0.4477497385690622
7.96,0.008429650221000132,0.7322519354933089,-0.44773348168657157
7.98,0.008329098932690548,0.7324183919798726,-0.4477140859340283
8.0,0.00822974704902003,0.7325824467702392,-0.447691636172716
8.02,0.008131580263145645,0.7327440686395542,-0.44766621689302155
8.040000000000001,0.008034584438880573,0.7329032284111322,-0.4476379121778169
8.06,0.007938745608658544,0.7330598989235689,-0.4476068056669291
8.08,0.00784404997152238,0.7332140549975485,-0.44757298052268923
8.1,0.007750483891136698,0.7333656734023752,-0.4475365193965576
8.120000000000001,0.007658033893824228,0.7335147328222481,-0.4474975043968124
8.14,0.0075666866666256275,0.7336612138223086,-0.4474560170572985
8.16,0.00747642905538232,0.7338050988144815,-0.4474121383072246
8.18,0.007387248062842317,0.733946372023134,-0.4473659484420034
8.2,0.00729913084678859,0.7340850194505726,-0.44731752709512146
8.22,0.007212064718189745,0.7342210288424061,-0.4472669532110347
8.24,0.007126037139372842,0.7343543896527907,-0.4472143050190748
8.26,0.007041035722217858,0.7344850930095799,-0.44715966000835977
8.28,0.006957048226373843,0.7346131316794055,-0.44710309490369793
8.3,0.006874062557496248,0.7347385000327002,-0.447044685642472
8.32,0.006792066765505383,0.7348611940086928,-0.44698450735249756
8.34,0.0067110490428655,0.7349812110803865,-0.44692263433083934
8.36,0.006630997722884537,0.7350985502195452,-0.44685914002357724
8.38,0.006551901278034077,0.7352132118617045,-0.4467940970065099
8.4,0.006473748318289405,0.7353251978712247,-0.44672757696678334
8.42,0.0063965275894892586,0.7354345115064059,-0.4466596506854325
8.44,0.0063202279717152485,0.7355411573846792,-0.44659038802082496
8.46,0.006244838477690562,0.7356451414478957,-0.4465198578929917
8.48,0.006170348251197809,0.7357464709277234,-0.44644812826883523
8.5,0.006096746565515638,0.7358451543111736,-0.44637526614819983
8.52,0.006024022821874132,0.7359412013062699,-0.4463013375507923
8.540000000000001,0.005952166547928525,0.7360346228078757,-0.44622640750394
8.56,0.005881167396251225,0.7361254308636904,-0.44615054003117177
8.58,0.005811015142841691,0.7362136386404374,-0.4460737981416098
8.6,0.005741699685654207,0.7362992603902494,-0.4459962438201587
8.620000000000001,0.005673211043143153,0.736382311417268,-0.4459179380184765
8.64,0.005605539352825678,0.7364628080444706,-0.44583894064671614
8.66,0.005538674869861427,0.7365407675807352,-0.44575931056602286
8.68,0.005472607965649313,0.7366162082881575,-0.4456791055817718
8.700000000000001,0.005407329126440955,0.7366891493496299,-0.4455983824375355
8.72,0.005342828951970722,0.7367596108366944,-0.44551719680976337
8.74,0.0052790981541020274,0.736827613677681,-0.44543560330316245
8.76,0.0052161275554898495,0.7368931796261402,-0.4453536554467622
8.78,0.005153908088259168,0.7369563312295816,-0.4452714056906522
8.8,0.00509243079269919,0.7370170917985251,-0.4451889054033763
8.82,0.005031686815973131,0.7370754853758789,-0.44510620486997
8.84,0.004971667410843366,0.7371315367066472,-0.4450233532906275
8.86,0.004912363934411843,0.7371852712079805,-0.4449403987799818
8.88,0.004853767846875479,0.7372367149395745,-0.44485738836698785
8.9,0.004795870710296421,0.7372858945744253,-0.4447743679953892
8.92,0.004738664187386951,0.7373328373699489,-0.444691382524759
8.94,0.00468214004030891,0.7373775711394712,-0.4446084757320984
8.96,0.004626290129487451,0.737420124224095,-0.4445256903139783
8.98,0.00457110641243891,0.7374605254649512,-0.4444430678892125
9.0,0.00451658094261267,0.7374988041758392,-0.4443606490020448
9.02,0.004462705868246852,0.7375349901162608,-0.44427847312584007
9.040000000000001,0.004409473431237654,0.7375691134648558,-0.4441965786672615
9.06,0.004356875966022165,0.7376012047932409,-0.4441150029709246
9.08,0.004304905898474501,0.7376312950402591,-0.4440337823245083
9.1,0.004253555744815125,0.7376594154866404,-0.4439529519643164
9.120000000000001,0.004202818110533185,0.7376855977300818,-0.4438725460812699
9.14,0.004152685689321667,0.7377098736607463,-0.44379259782732017
9.16,0.004103151262025289,0.7377322754371866,-0.443713139322268
9.18,0.004054207695600917,0.7377528354626955,-0.4436342016609763
9.200000000000001,0.004005847942090417,0.7377715863620847,-0.443555814920962
9.22,0.003958065037605719,0.7377885609588962,-0.44347800817035504
9.24,0.003910852101326005,0.737803792253047,-0.4434008094762115
9.26,0.003864202334506866,0.7378173133989083,-0.44332424591316677
9.28,0.003818109019501271,0.7378291576838235,-0.4432483435724179
9.3,0.0037725655187922057,0.7378393585070623,-0.44317312757102123
9.32,0.0037275652740368734,0.7378479493592135,-0.4430986220614926
9.34,0.003683101805122264,0.7378549638020199,-0.443024850241699
9.36,0.003639168709232024,0.7378604354486502,-0.4429518343650289
9.38,0.003595759659924426,0.7378643979444136,-0.4428795957508281
9.4,0.0035528684062213615,0.7378668849479119,-0.44280815479509095
9.42,0.0035104887717081765,0.7378679301126333,-0.4427375309813945
9.44,0.003468614653644274,0.7378675670689858,-0.44266774289206273
9.46,0.003427240022084288,0.7378658294067673,-0.4425988082195521
9.48,0.0033863589190097844,0.737862750658074,-0.44253074377804325
9.5,0.003345965457471272,0.737858364280646,-0.4424635655152321
9.52,0.003306053820740494,0.7378527036416462,-0.4423972885243055
9.540000000000001,0.0032666182614727894,0.7378458020018748,-0.4423319270560929
9.56,0.0032276531008794815,0.737837692500412,-0.44226749453138214
9.58,0.003189152727910109,0.737828408139694,-0.44220400355339035
9.6,0.0031511115984444414,0.737817981771014,-0.4421414659203771
9.620000000000001,0.003113524234494093,0.7378064460804487,-0.44207989263839226
9.64,0.0030763852234137116,0.7377938335752072,-0.44201929393414646
9.66,0.0030396892171215173,0.7377801765704016,-0.44195967926799645
9.68,0.0030034309313291996,0.7377655071762317,-0.4419010573470332
9.700000000000001,0.002967605144780944,0.7377498572855851,-0.441843436138265
9.72,0.0029322066985015857,0.7377332585620486,-0.44178682288188575
9.74,0.0028972304950536866,0.737715742428328,-0.4417312241046199
9.76,0.002862671497803517,0.7376973400550679,-0.44167664563313236
9.78,0.002828524730195751,0.7376780823500774,-0.4416230926074996
9.8,0.0027947852750368437,0.7376579999479491,-0.44157056949472784
9.82,0.0027614482737869546,0.7376371232000724,-0.44151908010231383
9.84,0.0027285089258602987,0.737615482165035,-0.441468627591838
9.86,0.0026959624879338527,0.7375931065994115,-0.44141921449258253
9.88,0.0026638042732643123,0.7375700259489295,-0.4413708427151663
9.9,0.002632029651013198,0.7375462693400149,-0.4413235135651895
9.92,0.0026006340455800013,0.7375218655717091,-0.44127722775687894
9.94,0.0025696129359432853,0.7374968431079517,-0.4412319854267284
9.96,0.0025389618550096544,0.7374712300702291,-0.44118778614712584
9.98,0.002508676388970493,0.7374450542305804,-0.4411446289399606
10.0,0.002478752176666358,0.737418343004955,-0.4411025122902036
